-- phpMyAdmin SQL Dump
-- version 4.2.12deb2
-- http://www.phpmyadmin.net
--
-- Host: localhost
-- Generation Time: Jun 25, 2015 at 05:04 PM
-- Server version: 5.6.24-0ubuntu2
-- PHP Version: 5.6.4-4ubuntu6

SET SQL_MODE = "NO_AUTO_VALUE_ON_ZERO";
SET time_zone = "+00:00";


/*!40101 SET @OLD_CHARACTER_SET_CLIENT=@@CHARACTER_SET_CLIENT */;
/*!40101 SET @OLD_CHARACTER_SET_RESULTS=@@CHARACTER_SET_RESULTS */;
/*!40101 SET @OLD_COLLATION_CONNECTION=@@COLLATION_CONNECTION */;
/*!40101 SET NAMES utf8 */;

--
-- Database: `iiit`
--

-- --------------------------------------------------------

--
-- Table structure for table `coefficientscapft`
--

CREATE TABLE IF NOT EXISTS `coefficientscapft` (
  `Chiller` text NOT NULL,
  `Constant` float NOT NULL,
  `x` float NOT NULL,
  `x2` float NOT NULL,
  `y` float NOT NULL,
  `y2` float NOT NULL,
  `xy` float NOT NULL,
  `minx` float NOT NULL,
  `maxx` float NOT NULL,
  `miny` float NOT NULL,
  `maxy` float NOT NULL
) ENGINE=InnoDB DEFAULT CHARSET=latin1;

--
-- Dumping data for table `coefficientscapft`
--

INSERT INTO `coefficientscapft` (`Chiller`, `Constant`, `x`, `x2`, `y`, `y2`, `xy`, `minx`, `maxx`, `miny`, `maxy`) VALUES
('McQuay WSC 471kW/5.89COP/Vanes   ', 0.252, 0.0132, -0.00864, 0.0858, -0.00426, 0.00866, 7.22, 12.78, 12.78, 26.67),
('York YT 563kW/10.61COP/Vanes   ', -0.129, -0.0892, -0.00219, 0.154, -0.00513, 0.00781, 6.11, 12.78, 12.78, 23.89),
('McQuay PEH 703kW/7.03COP/Vanes   ', 0.478, 0.107, -0.0106, 0.0421, -0.00235, 0.00402, 5.56, 8.89, 12.78, 23.89),
('Carrier 23XL 724kW/6.04COP/Vanes   ', 0.442, -0.0838, -0.00219, 0.0859, -0.00332, 0.00665, 5.56, 10, 13.75, 23.89),
('Carrier 19XR 742kW/5.42COP/VSD   ', 0.98, -0.0029, -0.000897, 0.0103, -0.000743, 0.00145, 5.56, 10, 11.25, 23.89),
('McQuay WSC 816kW/6.74COP/Vanes   ', 0.986, 0.058, -0.00536, -0.000894, -0.00167, 0.00473, 7.22, 12.78, 12.78, 26.67),
('McQuay PEH 819kW/8.11COP/Vanes   ', 0.739, 0.0433, -0.00453, 0.0153, -0.00114, 0.00265, 4.44, 8.89, 12.78, 29.44),
('Carrier 19XR 823kW/6.28COP/Vanes   ', 0.557, 0.0871, -0.00292, 0.025, -0.000886, -0.000318, 5.56, 10, 12.78, 23.89),
('Carrier 19XR 869kW/5.57COP/VSD   ', 0.541, 0.125, -0.00803, -0.00736, -0.000448, 0.00214, 7.22, 12.78, 12.78, 26.67),
('Carrier 19XR 897kW/7.23COP/VSD   ', 0.556, 0.0763, -0.00143, 0.0217, -0.000623, -0.000988, 5.56, 10, 12.78, 23.89),
('Carrier 19XR 897kW/6.50COP/Vanes   ', 0.701, 0.0215, -0.000603, 0.0186, -0.00108, 0.00142, 5.56, 10, 12.78, 23.89),
('York YT 897kW/7.60COP/VSD   ', 0.57, 0.0296, -0.00106, 0.0306, -0.00175, 0.00214, 5.56, 10, 12.78, 23.89),
('York YT 897kW/6.27COP/VSD   ', 0.12, 0.157, -0.00443, 0.0345, -0.000816, -0.00224, 5.56, 10, 12.78, 23.89),
('Carrier 19XR 897kW/6.23COP/VSD   ', 0.886, 0.0314, 0.000233, 0.00134, -0.000292, 0.000232, 5.56, 10, 12.78, 23.89),
('McQuay PFH 932kW/5.09COP/Vanes   ', 1.18, 0.0326, -0.0039, 0.00458, -0.00103, 0.00286, 3.33, 7.78, 12.78, 29.44),
('York YT 960kW/4.64COP/Vanes   ', -0.228, 0.406, -0.0325, 0.00379, -0.000224, 0.000672, 3.33, 7.78, 12.78, 29.44),
('York YT 1023kW/5.81COP/Vanes   ', 0.257, -0.0157, -0.00304, 0.0811, -0.00257, 0.00425, 4.44, 8.89, 12.78, 35),
('McQuay PEH 1030kW/8.58COP/Vanes   ', 0.774, 0.0557, -0.00306, -0.000179, -0.000981, 0.00212, 6.11, 12.78, 12.78, 23.89),
('York YT 1048kW/6.06COP/Vanes   ', 0.724, 0.0175, -0.00452, 0.0214, -0.000934, 0.00252, 4.44, 8.89, 15.56, 35),
('York YT 1055kW/5.96COP/Vanes   ', 0.179, -0.059, -0.000595, 0.093, -0.00284, 0.00497, 4.44, 8.89, 12.78, 35),
('Carrier 19XR 1076kW/5.52COP/Vanes   ', 0.919, 0.0451, -0.00512, -0.00021, -0.000643, 0.00279, 5.56, 10, 12.78, 24.89),
('Trane CVHE 1080kW/7.39COP/Vanes   ', 0.437, -0.0368, -0.00278, 0.0606, -0.00229, 0.00512, 5.56, 10, 16.24, 23.61),
('York YT 1090kW/7.57COP/VSD   ', 0.677, 0.0571, -0.000607, 0.0166, -0.000809, 0.00023, 5.56, 10, 12.78, 23.89),
('McQuay PEH 1104kW/8.00COP/Vanes   ', 0.821, 0.0439, -0.00152, -0.00431, -0.000725, 0.0015, 6.67, 12.22, 12.78, 23.89),
('York YT 1125kW/7.92COP/VSD   ', 0.103, 0.00233, -0.000912, 0.091, -0.00268, 0.00227, 6.11, 12.78, 12.78, 23.89),
('Trane CVHE 1125kW/4.89COP/Vanes   ', 0.615, -0.0118, -0.00149, 0.0333, -0.000932, 0.00177, 5.56, 10, 15.56, 23.89),
('York YT 1125kW/7.92COP/VSD   ', 0.103, 0.00233, -0.000912, 0.091, -0.00268, 0.00227, 6.11, 12.78, 12.78, 23.89),
('Trane CVHE 1129kW/7.19COP/Vanes   ', 0.392, -0.0439, -0.00275, 0.0689, -0.00256, 0.00542, 5.56, 10, 15.56, 23.89),
('Carrier 19XR 1143kW/6.57COP/VSD   ', 0.794, 0.041, -0.00142, -0.00164, -0.000522, 0.00135, 7.22, 12.78, 12.78, 26.67),
('Carrier 19XR 1157kW/5.62COP/VSD   ', 1.08, 0.00544, -0.000389, -0.00435, -0.00024, 0.000841, 5.56, 10, 11.25, 23.89),
('Carrier 19XR 1196kW/6.50COP/Vanes   ', 1.13, -0.00422, -0.002, 0.00736, -0.00116, 0.00306, 6.67, 12.22, 12.78, 23.89),
('Carrier 19XR 1213kW/7.78COP/Vanes   ', 0.907, -0.00744, -0.00097, 0.0153, -0.00107, 0.00199, 6.11, 12.78, 12.78, 23.89),
('McQuay PEH 1231kW/6.18COP/Vanes   ', 1.15, 0.0977, -0.00672, -0.0212, -0.000364, 0.00147, 5.56, 8.89, 12.78, 23.89),
('Carrier 19XR 1234kW/5.39COP/VSD   ', 0.591, 0.119, -0.00673, -0.00958, -0.000303, 0.00154, 7.22, 12.78, 12.78, 26.67),
('Carrier 19XR 1259kW/6.26COP/Vanes   ', 1.08, 0.032, -0.00399, -0.00579, -0.000824, 0.00293, 7.22, 12.78, 12.78, 26.67),
('York YK 1259kW/6.45COP/Vanes   ', 0.961, 0.0722, -0.00169, 0.00254, -0.000642, -0.000303, 7.22, 12.78, 12.78, 26.67),
('York YT 1266kW/4.39COP/Vanes   ', 0.129, -0.0286, -0.00137, 0.0668, -0.00151, 0.00295, 5.56, 8.89, 12.78, 35),
('Carrier 19XR 1284kW/6.20COP/Vanes   ', 1.12, -0.0152, -0.00107, -0.00126, -0.000438, 0.00203, 5.56, 8.89, 12.78, 23.89),
('Carrier 19XR 1294kW/7.61COP/Vanes   ', 0.927, 0.0128, -0.00162, 0.00282, -0.000766, 0.00188, 6.11, 12.78, 12.78, 23.89),
('Trane CVHE 1329kW/5.38COP/Vanes   ', 0.534, 0.102, -0.00398, 0.0126, -0.000467, -0.0000835, 6.11, 10, 21.11, 29.44),
('Carrier 19XR 1350kW/7.90COP/VSD   ', 1.06, -0.0145, -0.00102, -0.0012, -0.000416, 0.00193, 5.56, 8.89, 12.78, 23.89),
('York YT 1368kW/7.35COP/VSD   ', 0.383, -0.0327, -0.00339, 0.0858, -0.00351, 0.00653, 4.44, 8.89, 12.78, 29.44),
('Trane CVHE 1372kW/7.49COP/Vanes   ', 0.599, 0.0652, -0.00771, 0.0311, -0.00184, 0.0041, 4.44, 8.89, 12.78, 29.44),
('York YT 1396kW/7.35COP/Vanes   ', 0.517, -0.0279, -0.00095, 0.0669, -0.00273, 0.00472, 4.44, 8.89, 12.78, 29.44),
('Carrier 19XR 1403kW/7.09COP/VSD   ', 0.96, -0.0036, -0.00171, 0.00627, -0.000986, 0.00261, 6.67, 12.22, 12.78, 23.89),
('York YT 1403kW/6.94COP/VSD   ', -0.0345, 0.127, -0.00972, 0.0886, -0.00317, 0.00252, 4.44, 8.89, 12.78, 29.44),
('Trane CVHE 1407kW/7.14COP/VSD   ', 0.452, 0.00525, -0.00669, 0.0587, -0.00239, 0.00504, 4.44, 8.89, 12.78, 29.44),
('McQuay PFH 1407kW/6.60COP/Vanes   ', 1.19, 0.0207, -0.00495, 0.0176, -0.00249, 0.00593, 5.56, 8.89, 12.78, 23.89),
('Carrier 19XR 1407kW/6.04COP/VSD   ', 1.04, 0.00264, -0.00147, 0.0137, -0.00083, 0.00157, 4.44, 10, 12.78, 32.22),
('Carrier 19XR 1410kW/8.54COP/VSD   ', 0.96, -0.00625, -0.00112, 0.00699, -0.000632, 0.00177, 6.11, 12.78, 12.78, 23.89),
('Trane CVHE 1442kW/6.61COP/VSD   ', 0.401, 0.00115, 0.000105, 0.0557, -0.00165, 0.00132, 4.44, 8.89, 12.78, 35),
('York YT 1459kW/6.40COP/VSD   ', -0.167, 0.221, -0.0141, 0.0648, -0.00201, -0.000079, 4.44, 8.89, 12.78, 29.44),
('Trane CVHE 1484kW/9.96COP/VSD   ', -0.454, -0.0362, -0.00273, 0.168, -0.00456, 0.00536, 4.44, 8.89, 12.78, 29.44),
('York YT 1495kW/7.51COP/VSD   ', 1.05, -0.163, 0.0115, 0.0546, -0.00158, 0.00163, 5.56, 8.89, 12.78, 35),
('McQuay WSC 1519kW/7.10COP/Vanes   ', 1.27, 0.034, -0.00653, -0.0066, -0.00217, 0.00712, 7.22, 12.78, 12.78, 26.67),
('Carrier 19XR 1558kW/5.81COP/VSD   ', 1.03, 0.0239, -0.00122, -0.00535, -0.000218, 0.000628, 5.56, 10, 11.94, 23.89),
('Carrier 19XR 1586kW/5.53COP/VSD   ', 1.12, 0.0113, -0.000642, -0.00514, -0.000309, 0.000781, 7.22, 12.78, 12.78, 26.67),
('McQuay PEH 1635kW/7.47COP/Vanes   ', 0.989, 0.00298, -0.00248, 0.00597, -0.00106, 0.0026, 4.44, 8.89, 12.78, 29.44),
('Carrier 19XR 1635kW/6.36COP/Vanes   ', 0.764, 0.0116, -0.00534, 0.0331, -0.0021, 0.00492, 7.22, 12.78, 12.78, 26.67),
('Carrier 19XR 1656kW/8.24COP/VSD   ', 0.761, -0.0287, -0.00236, 0.041, -0.00234, 0.00455, 6.11, 12.78, 12.78, 23.89),
('York YT 1663kW/9.34COP/Vanes   ', 0.911, -0.0455, 0.00443, 0.0244, -0.00142, 0.00188, 5.56, 8.89, 12.78, 29.44),
('Carrier 19XL 1674kW/7.89COP/Vanes   ', 0.293, -0.0441, -0.00129, 0.0901, -0.00265, 0.00339, 4.44, 8.89, 12.78, 29.44),
('Trane CVHF 1681kW/6.59COP/Vanes   ', 0.679, -0.0529, -0.00528, 0.0525, -0.00252, 0.00734, 5.56, 10, 18.33, 23.89),
('Carrier 19XR 1723kW/8.32COP/VSD   ', 0.474, -0.0511, -0.00285, 0.0826, -0.0034, 0.00563, 6.11, 12.78, 12.78, 23.89),
('Carrier 19XR 1727kW/9.04COP/Vanes   ', 0.651, 0.0257, -0.00542, 0.0341, -0.0017, 0.00334, 4.44, 8.89, 12.78, 29.44),
('McQuay WSC 1751kW/6.73COP/Vanes   ', 0.792, 0.1, -0.00435, 0.00376, -0.000768, 0.000679, 7.22, 12.78, 12.78, 26.67),
('Trane CVHF 1758kW/5.96COP/Vanes   ', 1.07, 0.00771, -0.00317, -0.0187, 0.000127, 0.00274, 5.56, 10, 12.78, 24.44),
('York YT 1758kW/5.76COP/VSD   ', 0.458, 0.131, -0.00441, 0.0193, -0.000548, -0.00138, 5.56, 10.51, 12.78, 24.44),
('York YT 1758kW/6.26COP/Vanes   ', 0.898, -0.0146, 0.00365, 0.032, -0.00119, 0.00033, 5.56, 10, 12.78, 24.44),
('York YT 1758kW/5.96COP/Vanes   ', 0.849, 0.0555, -0.000297, 0.00116, -0.000296, 0.0000846, 5.56, 10, 12.78, 24.44),
('Trane CVHE 1758kW/5.96COP/Vanes   ', 0.0957, -0.0246, -0.00683, 0.0712, -0.00205, 0.00525, 4.44, 8.89, 23.89, 35),
('York YT 1758kW/6.28COP/Vanes   ', 0.708, -0.00201, -0.0026, 0.0301, -0.00106, 0.00205, 4.44, 8.89, 15.56, 35),
('Carrier 19XR 1758kW/5.86COP/VSD   ', 0.368, -0.0318, -0.0041, 0.0753, -0.00276, 0.00536, 5.56, 10, 12.78, 24.44),
('Trane CVHF 1758kW/6.46COP/VSD   ', 1.07, 0.00589, -0.00316, -0.0159, 0.000104, 0.00258, 5.56, 10, 12.78, 24.44),
('Trane CVHF 1758kW/6.87COP/Vanes   ', 0.809, 0.0341, -0.000418, 0.00411, -0.000176, 0.000418, 5.56, 10, 12.78, 24.44),
('Carrier 19XR 1776kW/8.00COP/Vanes   ', 0.484, -0.0358, -0.00147, 0.0777, -0.00313, 0.00373, 6.11, 12.78, 12.78, 23.89),
('Carrier 19XL 1779kW/6.18COP/Vanes   ', 0.27, -0.0405, -0.00597, 0.0826, -0.00302, 0.00672, 4.44, 8.89, 15.56, 26.11),
('Trane CVHF 1779kW/6.18COP/Vanes   ', 0.333, -0.0568, -0.00126, 0.082, -0.00261, 0.00423, 5.56, 10, 18.33, 23.89),
('York YT 1794kW/8.11COP/Vanes   ', 1.54, -0.163, 0.0123, 0.0215, -0.00165, 0.00266, 5.56, 8.89, 12.78, 29.44),
('York YT 1794kW/7.90COP/VSD   ', 0.955, -0.155, 0.00796, 0.0613, -0.0019, 0.00332, 5.56, 8.89, 12.78, 29.44),
('Carrier 19XL 1797kW/5.69COP/Vanes   ', 0.908, 0.0467, -0.00119, -0.00228, -0.0000317, -0.000358, 6.67, 10, 21.11, 29.44),
('Carrier 19XR 1801kW/6.34COP/VSD   ', 0.617, -0.073, -0.0019, 0.07, -0.00285, 0.00575, 6.67, 12.22, 12.78, 23.89),
('York YT 1867kW/10.09COP/Vanes   ', 0.445, -0.0125, -0.00288, 0.0613, -0.00237, 0.00451, 4.44, 8.89, 12.78, 35),
('Carrier 19XL 1871kW/6.49COP/Vanes   ', 0.00566, -0.0384, -0.00512, 0.107, -0.00338, 0.00565, 4.44, 8.89, 15.56, 29.44),
('York YT 1881kW/6.77COP/VSD   ', 0.507, -0.00416, -0.00268, 0.0476, -0.00195, 0.00399, 4.44, 8.89, 12.78, 29.44),
('York YK 1881kW/6.53COP/Vanes   ', 0.856, 0.0413, -0.000711, 0.00431, -0.000634, 0.000721, 7.22, 12.78, 9.44, 26.67),
('York YK 1881kW/6.53COP/Vanes   ', 0.856, 0.0413, -0.000711, 0.00431, -0.000634, 0.000721, 7.22, 12.78, 9.44, 26.67),
('McQuay PEH 1895kW/6.42COP/Vanes   ', 0.857, -0.113, 0.00344, 0.0487, -0.0021, 0.00499, 4.44, 8.89, 12.78, 35),
('York YT 1934kW/7.55COP/Vanes   ', 0.0442, 0.11, -0.0026, 0.0704, -0.00214, -0.00047, 5.56, 8.89, 12.78, 29.44),
('McQuay PEH 1934kW/6.01COP/Vanes   ', 0.289, -0.0383, 0.00176, 0.0867, -0.0026, 0.00241, 5.56, 8.89, 12.78, 29.44),
('McQuay WDC 1973kW/6.28COP/Vanes   ', 1.11, 0.0738, -0.00596, -0.0286, -0.000213, 0.00255, 7.22, 12.78, 12.78, 26.67),
('York YK 1997kW/7.24COP/Vanes   ', 0.906, 0.131, -0.00345, -0.0317, 0.000233, -0.000489, 7.22, 12.78, 12.78, 26.67),
('McQuay PFH 2043kW/8.44COP/Vanes   ', 0.838, 0.0472, -0.00252, -0.00377, -0.000919, 0.00218, 6.11, 12.78, 12.78, 23.89),
('Trane CVHF 2043kW/9.08COP/Vanes   ', -1.34, 0.00763, -0.00304, 0.199, -0.00453, 0.0027, 4.44, 8.89, 18.33, 29.44),
('Carrier 19XL 2057kW/6.05COP/Vanes   ', 0.774, -0.0125, -0.00319, 0.0211, -0.00119, 0.00382, 4.44, 8.89, 12.78, 29.44),
('York YT 2110kW/7.15COP/Vanes   ', 0.536, 0.0179, 0.00158, 0.0452, -0.00163, 0.000601, 5.56, 8.89, 12.78, 29.44),
('McQuay PFH 2124kW/6.03COP/Vanes   ', 1.04, -0.0175, 0.00108, 0.00663, -0.000801, 0.00157, 5.56, 8.89, 12.78, 29.44),
('York YK 2159kW/6.85COP/Vanes   ', 0.632, 0.0155, -0.00915, 0.0528, -0.00282, 0.00707, 4.44, 8.89, 15.56, 29.44),
('Trane CVHF 2184kW/6.78COP/Vanes   ', 1.24, 0.0221, -0.00177, -0.0113, -0.000501, 0.00136, 5.56, 10, 18.33, 23.89),
('York YK 2201kW/6.69COP/Vanes   ', 0.547, -0.0048, -0.00685, 0.063, -0.00291, 0.0066, 4.44, 8.89, 15.56, 29.44),
('York YT 2233kW/9.54COP/VSD   ', 0.714, -0.0417, 0.00519, 0.0435, -0.00163, 0.000936, 5.56, 8.89, 12.78, 29.44),
('York YT 2233kW/9.54COP/VSD   ', 0.759, -0.0513, 0.00585, 0.0424, -0.00161, 0.000936, 5.56, 8.89, 12.78, 29.44),
('York YK 2237kW/6.41COP/Vanes   ', 0.69, -0.00141, -0.00111, 0.0408, -0.00179, 0.00298, 4.44, 8.89, 15.56, 29.44),
('York YK 2275kW/6.32COP/Vanes   ', 0.766, -0.0157, -0.000333, 0.0361, -0.00164, 0.00302, 4.44, 8.89, 15.56, 29.44),
('York YK 2275kW/6.32COP/Vanes   ', 1.03, -0.0109, 0.000902, 0.00969, -0.000916, 0.00205, 4.44, 8.89, 12.78, 29.44),
('Trane CVHF 2300kW/8.10COP/Vanes   ', 0.627, 0.0392, -0.000548, 0.0307, -0.00147, 0.000858, 4.44, 8.89, 12.78, 29.44),
('Trane CVHF 2317kW/6.33COP/VSD   ', 0.728, 0.0102, -0.000628, 0.0134, -0.000505, 0.00153, 4.44, 8.89, 12.78, 29.44),
('Carrier 19XR 2391kW/6.77COP/Vanes   ', 0.368, -0.0509, -0.00177, 0.0952, -0.0034, 0.00453, 6.67, 12.22, 12.78, 23.89),
('Carrier 19XR 2391kW/6.44COP/VSD   ', 0.368, -0.0509, -0.00177, 0.0952, -0.0034, 0.00453, 6.67, 12.22, 12.78, 23.89),
('York YK 2412kW/5.58COP/Vanes   ', 0.747, 0.00807, 0.0000843, 0.0193, -0.000751, 0.00117, 4.44, 8.89, 15.56, 29.44),
('McQuay PFH 2462kW/6.67COP/Vanes   ', 0.956, 0.0574, -0.00487, 0.018, -0.00179, 0.00319, 5.56, 8.89, 12.78, 23.89),
('Trane CVHF 2567kW/11.77COP/VSD   ', 0.455, 0.0275, -0.0043, 0.0436, -0.00135, 0.00296, 4.44, 8.89, 12.78, 29.44),
('York YK 2771kW/6.84COP/VSD   ', 0.773, 0.0485, -0.00186, 0.0261, -0.00124, 0.000721, 4.44, 8.89, 12.78, 29.44),
('Trane CVHF 2799kW/6.40COP/Vanes   ', 0.221, -0.0275, 0.00049, 0.0734, -0.00192, 0.00194, 4.44, 8.89, 15.56, 29.44),
('York YT 3133kW/9.16COP/Vanes   ', 0.761, 0.0132, 0.00069, 0.0151, -0.000944, 0.00148, 5.56, 8.89, 12.78, 29.44),
('McQuay PFH 3165kW/6.48COP/Vanes   ', 1.34, 0.0752, -0.00899, -0.0334, -0.000607, 0.00468, 5.56, 8.89, 12.78, 23.89),
('McQuay PFH 4020kW/7.35COP/Vanes   ', 0.896, 0.0376, -0.00355, -0.00432, -0.00119, 0.00301, 6.67, 12.22, 12.78, 23.89),
('York YK 4396kW/6.63COP/Vanes   ', 0.369, -0.0728, -0.00487, 0.122, -0.00537, 0.0104, 4.44, 7.78, 12.78, 26.67),
('York YK 4477kW/6.64COP/Vanes   ', 0.484, -0.0988, -0.00252, 0.114, -0.0051, 0.0102, 4.44, 7.78, 12.78, 26.67),
('York YK 4515kW/6.22COP/Vanes   ', 0.373, -0.00718, -0.00259, 0.0538, -0.00177, 0.00351, 4.44, 7.78, 12.78, 26.67),
('York YK 4537kW/6.28COP/Vanes   ', 0.942, 0.0814, -0.00953, 0.0319, -0.00258, 0.00529, 4.44, 7.78, 12.78, 26.67),
('Trane CVHF 4610kW/6.34COP/Vanes   ', 0.861, -0.00399, -0.00164, 0.00888, -0.000393, 0.00159, 4.44, 8.89, 18.33, 29.44),
('Carrier 19EX 4667kW/6.16COP/Vanes   ', 0.408, -0.044, -0.00211, 0.0823, -0.00307, 0.00526, 4.44, 7.78, 12.78, 26.67),
('Trane CVHF 4677kW/6.27COP/Vanes   ', 0.845, -0.0212, 0.00612, 0.00712, -0.00018, -0.000135, 4.44, 7.78, 12.78, 26.67),
('York YK 4966kW/6.05COP/Vanes   ', 0.575, -0.0305, -0.000196, 0.0331, -0.000917, 0.00229, 4.44, 8.89, 15.56, 29.44),
('York YK 4969kW/7.14COP/Vanes   ', 0.782, -0.101, -0.00158, 0.0793, -0.00367, 0.008, 4.44, 8.89, 12.78, 29.44),
('York YK 4969kW/7.07COP/Vanes   ', 0.18, -0.0969, -0.00583, 0.134, -0.00528, 0.0105, 4.44, 8.89, 15.56, 29.44),
('Carrier 19EX 4997kW/6.40COP/Vanes   ', 0.0712, 0.00255, -0.00968, 0.0939, -0.00351, 0.00731, 4.44, 7.78, 12.78, 26.67),
('Carrier 19EX 5148kW/6.34COP/Vanes   ', 0.356, 0.0202, -0.00629, 0.0576, -0.0021, 0.00413, 4.44, 8.89, 15.56, 29.44),
('York YK 5170kW/7.15COP/Vanes   ', 0.168, -0.119, -0.00433, 0.136, -0.00517, 0.0104, 4.44, 8.89, 15.56, 29.44),
('Carrier 19EX 5208kW/6.88COP/Vanes   ', 0.556, -0.0411, -0.00316, 0.0572, -0.00231, 0.00538, 4.44, 8.89, 15.56, 29.44),
('York YK 5465kW/6.94COP/Vanes   ', 0.109, -0.123, -0.0028, 0.132, -0.00471, 0.00921, 4.44, 8.89, 15.56, 29.44),
('York YK 5549kW/6.50COP/Vanes   ', -0.14, 0.0184, -0.00239, 0.121, -0.00356, 0.00202, 4.44, 8.89, 12.78, 26.11),
('Carrier 19FA 5651kW/5.50COP/Vanes   ', 1.3, 0.0179, -0.00252, 0.00254, -0.00113, 0.003, 4.44, 8.89, 15.56, 29.44),
('DOE-2 Centrifugal/5.50COP   ', 0.258, 0.0389, -0.000217, 0.0469, -0.000943, -0.000343, 5, 10, 24, 35),
('Multistack MS 172kW/3.67COP/None   ', 0.984, 0.109, -0.00455, -0.0231, 0.00026, -0.000509, 4.44, 8.89, 18.33, 35),
('DOE-2 Reciprocating/3.67COP   ', 0.508, 0.145, -0.00626, -0.00112, -0.00013, -0.000282, 5, 10, 24, 35),
('Trane RTWA 383kW/4.17COP/Valve   ', 0.983, 0.0368, 0.0000531, -0.00483, -0.0000476, -0.000238, 4.44, 8.89, 23.89, 35),
('Trane RTHB 531kW/4.83COP/Valve   ', 0.943, 0.0163, 0.000862, 0.00324, -0.0003, 0.000193, 5.56, 10, 15.56, 23.89),
('Trane RTHB 538kW/5.12COP/Valve   ', 0.934, 0.0276, 0.000378, -0.000918, -0.000127, -0.0000424, 5.56, 10, 15.56, 23.89),
('Trane RTHB 542kW/5.26COP/Valve   ', 0.923, 0.0288, 0.000376, -0.00196, -0.0000842, -0.000126, 5.56, 10, 15.56, 23.89),
('York YS 672kW/7.90COP/Valve   ', 0.927, 0.0285, 0.000402, -0.00593, -0.0000107, -0.00022, 6.11, 12.78, 15.56, 23.89),
('Carrier 23XL 686kW/5.91COP/Valve   ', 0.29, -0.0268, -0.00477, 0.0816, -0.00303, 0.00571, 5.56, 10, 12.78, 23.89),
('Trane RTHC 707kW/7.77COP/Valve   ', 0.936, 0.0294, 0.000573, -0.0057, -0.0000557, -0.000171, 5.56, 11.11, 15.56, 23.89),
('York YS 756kW/7.41COP/Valve   ', 0.943, 0.0279, 0.000294, -0.00582, -0.0000376, -0.0000578, 5.56, 10, 16.06, 23.89),
('York YS 781kW/5.42COP/Valve   ', 1, 0.033, 0.000374, -0.00593, -0.000026, -0.000217, 4.44, 8.89, 15.56, 35),
('Carrier 23XL 830kW/6.97COP/Valve   ', 0.82, 0.0043, -0.000245, 0.0143, -0.000359, 0.000251, 5.56, 10, 14.17, 23.89),
('Carrier 23XL 862kW/6.11COP/Valve   ', -0.0365, -0.0606, -0.00371, 0.12, -0.00372, 0.00537, 5.56, 10, 12.78, 23.89),
('Carrier 23XL 862kW/6.84COP/Valve   ', -0.0454, -0.0625, -0.00362, 0.122, -0.00379, 0.0054, 5.56, 10, 12.78, 23.89),
('Carrier 23XL 865kW/6.05COP/Valve   ', 0.508, -0.0234, -0.0033, 0.0351, -0.000836, 0.00259, 3.33, 7.78, 12.78, 29.44),
('York YS 879kW/5.82COP/Valve   ', 1.03, 0.0336, -0.000274, -0.00379, -0.000155, 0.000278, 3.33, 7.78, 12.78, 29.44),
('Trane RTHC 1009kW/5.37COP/Valve   ', 1.13, 0.0327, 0.000527, -0.0108, -0.0000485, -0.000257, 5.56, 10, 19.97, 24.86),
('Trane RTHB 1051kW/5.05COP/Valve   ', 0.948, 0.0331, -0.0000645, -0.00376, -0.000065, 0.00000000000000252, 4.44, 8.89, 23.89, 35),
('Carrier 23XL 1062kW/5.50COP/Valve   ', 1.03, 0.0233, -0.00469, -0.00709, -0.000375, 0.00284, 6.67, 10, 21.11, 29.44),
('Trane RTHC 1066kW/5.73COP/Valve   ', 1.06, 0.0458, 0.00028, -0.0088, -0.0000313, -0.000594, 5.56, 10, 20.07, 25.28),
('Trane RTHC 1094kW/6.55COP/Valve   ', 0.964, 0.0382, 0.000461, -0.00517, -0.0000578, -0.000294, 5.56, 10, 15.56, 23.89),
('Carrier 23XL 1108kW/6.92COP/Valve   ', 0.663, -0.0103, -0.000539, 0.0332, -0.0013, 0.00217, 5.56, 10, 12.78, 23.89),
('York YS 1171kW/9.15COP/Valve   ', 0.93, 0.0235, -0.000465, -0.00437, -0.000204, 0.000643, 6.11, 12.78, 15.56, 23.89),
('Carrier 23XL 1196kW/6.39COP/Valve   ', 0.578, 0.0221, -0.00334, 0.0397, -0.00167, 0.00276, 6.67, 12.22, 12.78, 23.89),
('York YS 1554kW/9.31COP/Valve   ', 1.08, 0.00928, 0.00118, -0.014, 0.000093, 0.0000697, 5.56, 8.89, 15.56, 35),
('York YS 1758kW/5.84COP/Valve   ', 0.813, -0.0143, -0.00162, 0.0264, -0.000915, 0.0017, 4.44, 8.89, 12.78, 35),
('Trane CGWD 207kW/3.99COP/None   ', 0.944, 0.0337, 0.0000976, -0.00322, -0.0000492, -0.000178, 5.56, 10, 23.89, 35);

-- --------------------------------------------------------

--
-- Table structure for table `coefficientseirft`
--

CREATE TABLE IF NOT EXISTS `coefficientseirft` (
  `Chiller` text NOT NULL,
  `Constant` float NOT NULL,
  `x` float NOT NULL,
  `x2` float NOT NULL,
  `y` float NOT NULL,
  `y2` float NOT NULL,
  `xy` float NOT NULL,
  `minx` float NOT NULL,
  `maxx` float NOT NULL,
  `miny` float NOT NULL,
  `maxy` float NOT NULL
) ENGINE=InnoDB DEFAULT CHARSET=latin1;

--
-- Dumping data for table `coefficientseirft`
--

INSERT INTO `coefficientseirft` (`Chiller`, `Constant`, `x`, `x2`, `y`, `y2`, `xy`, `minx`, `maxx`, `miny`, `maxy`) VALUES
('McQuay WSC 471kW/5.89COP/Vanes  ', 0.448, -0.0259, -0.00146, 0.0434, -0.001, 0.00192, 7.22, 12.78, 12.78, 26.67),
('York YT 563kW/10.61COP/Vanes  ', -0.578, -0.117, -0.00476, 0.223, -0.00531, 0.00685, 6.11, 12.78, 12.78, 23.89),
('McQuay PEH 703kW/7.03COP/Vanes  ', 0.823, -0.117, 0.000587, 0.0296, -0.000919, 0.00504, 5.56, 8.89, 12.78, 23.89),
('Carrier 23XL 724kW/6.04COP/Vanes  ', 0.506, -0.0162, 0.000335, 0.0235, 0.000351, -0.000634, 5.56, 10, 13.75, 23.89),
('Carrier 19XR 742kW/5.42COP/VSD  ', 0.995, -0.0483, 0.000467, -0.00116, 0.000576, 0.000215, 5.56, 10, 11.25, 23.89),
('McQuay WSC 816kW/6.74COP/Vanes  ', 0.734, 0.000447, -0.00345, 0.00377, -0.000219, 0.0024, 7.22, 12.78, 12.78, 26.67),
('McQuay PEH 819kW/8.11COP/Vanes  ', 0.593, -0.0191, -0.00185, 0.0405, -0.000291, 0.00106, 4.44, 8.89, 12.78, 29.44),
('Carrier 19XR 823kW/6.28COP/Vanes  ', 0.803, 0.0217, 0.000239, -0.011, 0.00107, -0.00206, 5.56, 10, 12.78, 23.89),
('Carrier 19XR 869kW/5.57COP/VSD  ', 0.394, 0.108, -0.00891, -0.000323, 0.000013, 0.00156, 7.22, 12.78, 12.78, 26.67),
('Carrier 19XR 897kW/7.23COP/VSD  ', 0.651, 0.0495, -0.000815, 0.0232, 0.000199, -0.00267, 5.56, 10, 12.78, 23.89),
('Carrier 19XR 897kW/6.50COP/Vanes  ', 0.853, -0.00434, 0.000897, -0.00189, 0.000865, -0.00144, 5.56, 10, 12.78, 23.89),
('York YT 897kW/7.60COP/VSD  ', 0.553, 0.0033, -0.000798, 0.0425, -0.000353, -0.000942, 5.56, 10, 12.78, 23.89),
('York YT 897kW/6.27COP/VSD  ', 0.553, -0.0568, 0.00442, 0.0647, -0.000738, -0.00249, 5.56, 10, 12.78, 23.89),
('Carrier 19XR 897kW/6.23COP/VSD  ', 0.861, -0.0012, 0.00094, 0.00298, 0.000412, -0.00112, 5.56, 10, 12.78, 23.89),
('McQuay PFH 932kW/5.09COP/Vanes  ', 0.605, -0.0109, -0.00151, 0.019, -0.000191, 0.000901, 3.33, 7.78, 12.78, 29.44),
('York YT 960kW/4.64COP/Vanes  ', 0.574, 0.0227, -0.00333, 0.00603, 0.000325, 0.0000323, 3.33, 7.78, 12.78, 29.44),
('York YT 1023kW/5.81COP/Vanes  ', 0.525, -0.0197, 0.000344, 0.0165, 0.000201, -0.000319, 4.44, 8.89, 12.78, 35),
('McQuay PEH 1030kW/8.58COP/Vanes  ', 0.713, 0.0139, -0.00247, 0.021, -0.000157, 0.000604, 6.11, 12.78, 12.78, 23.89),
('York YT 1048kW/6.06COP/Vanes  ', 0.726, -0.035, 0.00221, 0.00393, 0.000554, -0.000864, 4.44, 8.89, 15.56, 35),
('York YT 1055kW/5.96COP/Vanes  ', 0.525, -0.0285, 0.000803, 0.0189, 0.000115, -0.0000934, 4.44, 8.89, 12.78, 35),
('Carrier 19XR 1076kW/5.52COP/Vanes  ', 0.751, 0.0242, -0.00531, -0.00107, 0.000119, 0.0016, 5.56, 10, 12.78, 24.89),
('Trane CVHE 1080kW/7.39COP/Vanes  ', 0.361, -0.0564, -0.000343, 0.0423, -0.000439, 0.00152, 5.56, 10, 16.24, 23.61),
('York YT 1090kW/7.57COP/VSD  ', 0.924, -0.0496, 0.000129, 0.033, -0.000677, 0.00169, 5.56, 10, 12.78, 23.89),
('McQuay PEH 1104kW/8.00COP/Vanes  ', 0.866, -0.000381, -0.00132, 0.0114, -0.000041, 0.000653, 6.67, 12.22, 12.78, 23.89),
('York YT 1125kW/7.92COP/VSD  ', 0.654, -0.0245, 0.00125, 0.0422, 0.00014, -0.00151, 6.11, 12.78, 12.78, 23.89),
('Trane CVHE 1125kW/4.89COP/Vanes  ', 0.581, -0.0434, -0.000537, 0.0284, -0.000161, 0.0007, 5.56, 10, 15.56, 23.89),
('York YT 1125kW/7.92COP/VSD  ', 0.654, -0.0245, 0.00125, 0.0422, 0.00014, -0.00151, 6.11, 12.78, 12.78, 23.89),
('Trane CVHE 1129kW/7.19COP/Vanes  ', 0.374, -0.0554, -0.00082, 0.0466, -0.000731, 0.00189, 5.56, 10, 15.56, 23.89),
('Carrier 19XR 1143kW/6.57COP/VSD  ', 0.948, -0.0119, 0.000088, 0.000225, 0.000182, 0.000218, 7.22, 12.78, 12.78, 26.67),
('Carrier 19XR 1157kW/5.62COP/VSD  ', 1.08, -0.0389, 0.00108, -0.00578, 0.000657, -0.00053, 5.56, 10, 11.25, 23.89),
('Carrier 19XR 1196kW/6.50COP/Vanes  ', 0.951, -0.0225, -0.0000106, -0.000138, 0.000391, 0.0000813, 6.67, 12.22, 12.78, 23.89),
('Carrier 19XR 1213kW/7.78COP/Vanes  ', 1, -0.0251, 0.000517, 0.00632, 0.000512, -0.000479, 6.11, 12.78, 12.78, 23.89),
('McQuay PEH 1231kW/6.18COP/Vanes  ', 0.807, 0.0187, -0.00557, -0.00431, 0.000137, 0.00239, 5.56, 8.89, 12.78, 23.89),
('Carrier 19XR 1234kW/5.39COP/VSD  ', 0.377, 0.114, -0.00819, -0.00337, 0.000169, 0.00101, 7.22, 12.78, 12.78, 26.67),
('Carrier 19XR 1259kW/6.26COP/Vanes  ', 0.758, 0.0069, -0.00149, 0.00225, 0.000391, -0.000174, 7.22, 12.78, 12.78, 26.67),
('York YK 1259kW/6.45COP/Vanes  ', 0.899, 0.00631, -0.000376, -0.0195, 0.00138, -0.00162, 7.22, 12.78, 12.78, 26.67),
('York YT 1266kW/4.39COP/Vanes  ', 0.0828, 0.0421, -0.00525, 0.0196, 0.000107, 0.00023, 5.56, 8.89, 12.78, 35),
('Carrier 19XR 1284kW/6.20COP/Vanes  ', 0.782, -0.0245, 0.00164, 0.00556, 0.00058, -0.00109, 5.56, 8.89, 12.78, 23.89),
('Carrier 19XR 1294kW/7.61COP/Vanes  ', 1.09, -0.000944, -0.00251, -0.00872, 0.000416, 0.000847, 6.11, 12.78, 12.78, 23.89),
('Trane CVHE 1329kW/5.38COP/Vanes  ', 0.807, 0.0336, -0.00155, -0.00714, 0.000506, -0.000755, 6.11, 10, 21.11, 29.44),
('Carrier 19XR 1350kW/7.90COP/VSD  ', 0.995, -0.0312, 0.00209, 0.00709, 0.000739, -0.00138, 5.56, 8.89, 12.78, 23.89),
('York YT 1368kW/7.35COP/VSD  ', 0.323, -0.0142, -0.00509, 0.0461, -0.000877, 0.0026, 4.44, 8.89, 12.78, 29.44),
('Trane CVHE 1372kW/7.49COP/Vanes  ', 0.912, 0.0162, 0.00191, -0.0114, 0.00108, -0.00287, 4.44, 8.89, 12.78, 29.44),
('York YT 1396kW/7.35COP/Vanes  ', 0.521, -0.00907, -0.000181, 0.0257, 0.0000426, -0.00059, 4.44, 8.89, 12.78, 29.44),
('Carrier 19XR 1403kW/7.09COP/VSD  ', 1.1, -0.0249, -0.0000624, -0.00172, 0.000489, 0.0000962, 6.67, 12.22, 12.78, 23.89),
('York YT 1403kW/6.94COP/VSD  ', 0.398, 0.024, -0.0066, 0.0294, -0.000457, 0.00187, 4.44, 8.89, 12.78, 29.44),
('Trane CVHE 1407kW/7.14COP/VSD  ', 0.567, 0.0446, -0.00634, 0.00467, 0.000439, 0.000278, 4.44, 8.89, 12.78, 29.44),
('McQuay PFH 1407kW/6.60COP/Vanes  ', 0.793, 0.0342, -0.00557, -0.00697, 0.000253, 0.00186, 5.56, 8.89, 12.78, 23.89),
('Carrier 19XR 1407kW/6.04COP/VSD  ', 1.03, -0.0161, -0.00109, -0.0178, 0.000796, -0.0000959, 4.44, 10, 12.78, 32.22),
('Carrier 19XR 1410kW/8.54COP/VSD  ', 1.13, -0.0674, 0.00000303, 0.0131, 0.000338, 0.000787, 6.11, 12.78, 12.78, 23.89),
('Trane CVHE 1442kW/6.61COP/VSD  ', 0.629, -0.0302, 0.000614, 0.0181, 0.000164, -0.000111, 4.44, 8.89, 12.78, 35),
('York YT 1459kW/6.40COP/VSD  ', 0.144, 0.0982, -0.0117, 0.0375, -0.00057, 0.00105, 4.44, 8.89, 12.78, 29.44),
('Trane CVHE 1484kW/9.96COP/VSD  ', -0.369, -0.0639, -0.000276, 0.166, -0.00311, 0.00171, 4.44, 8.89, 12.78, 29.44),
('York YT 1495kW/7.51COP/VSD  ', 0.711, -0.209, 0.00942, 0.0849, -0.00126, 0.00113, 5.56, 8.89, 12.78, 35),
('McQuay WSC 1519kW/7.10COP/Vanes  ', 0.998, -0.0106, -0.00392, -0.0121, -0.00014, 0.00347, 7.22, 12.78, 12.78, 26.67),
('Carrier 19XR 1558kW/5.81COP/VSD  ', 1.1, -0.0313, 0.000411, -0.00738, 0.000578, -0.000353, 5.56, 10, 11.94, 23.89),
('Carrier 19XR 1586kW/5.53COP/VSD  ', 1.11, -0.038, 0.000285, -0.00456, 0.000404, 0.000141, 7.22, 12.78, 12.78, 26.67),
('McQuay PEH 1635kW/7.47COP/Vanes  ', 1.04, -0.0712, 0.00226, 0.0122, 0.000215, 0.000741, 4.44, 8.89, 12.78, 29.44),
('Carrier 19XR 1635kW/6.36COP/Vanes  ', 0.736, -0.0108, -0.000924, 0.0146, 0.00000849, 0.000128, 7.22, 12.78, 12.78, 26.67),
('Carrier 19XR 1656kW/8.24COP/VSD  ', 0.773, -0.0807, -0.00216, 0.0614, -0.00195, 0.00406, 6.11, 12.78, 12.78, 23.89),
('York YT 1663kW/9.34COP/Vanes  ', 1.03, -0.0613, 0.00324, 0.0166, 0.000298, -0.000442, 5.56, 8.89, 12.78, 29.44),
('Carrier 19XL 1674kW/7.89COP/Vanes  ', 0.987, -0.0633, 0.0035, 0.017, 0.000257, -0.000423, 4.44, 8.89, 12.78, 29.44),
('Trane CVHF 1681kW/6.59COP/Vanes  ', 0.434, -0.00578, 0.000285, 0.0272, 0.000128, -0.000896, 5.56, 10, 18.33, 23.89),
('Carrier 19XR 1723kW/8.32COP/VSD  ', 0.295, -0.104, -0.00417, 0.126, -0.004, 0.00672, 6.11, 12.78, 12.78, 23.89),
('Carrier 19XR 1727kW/9.04COP/Vanes  ', 1.07, -0.00806, -0.00211, -0.00126, 0.000616, 0.00048, 4.44, 8.89, 12.78, 29.44),
('McQuay WSC 1751kW/6.73COP/Vanes  ', 0.809, 0.0263, -0.00177, -0.00812, 0.000715, -0.000648, 7.22, 12.78, 12.78, 26.67),
('Trane CVHF 1758kW/5.96COP/Vanes  ', 0.491, -0.099, 0.00426, 0.0543, -0.000818, 0.000618, 5.56, 10, 12.78, 24.44),
('York YT 1758kW/5.76COP/VSD  ', 0.679, 0.0669, -0.00363, -0.0102, 0.00107, -0.00211, 5.56, 10.51, 12.78, 24.44),
('York YT 1758kW/6.26COP/Vanes  ', 0.231, 0.0958, -0.00567, 0.0277, -0.000141, -0.00101, 5.56, 10, 12.78, 24.44),
('York YT 1758kW/5.96COP/Vanes  ', 0.495, 0.0091, -0.000694, 0.0328, -0.00039, -0.000552, 5.56, 10, 12.78, 24.44),
('Trane CVHE 1758kW/5.96COP/Vanes  ', 1.24, -0.0303, 0.00345, -0.0274, 0.000914, -0.001, 4.44, 8.89, 23.89, 35),
('York YT 1758kW/6.28COP/Vanes  ', 0.561, -0.0138, 0.0000657, 0.0132, 0.000269, -0.000501, 4.44, 8.89, 15.56, 35),
('Carrier 19XR 1758kW/5.86COP/VSD  ', 0.174, -0.0505, -0.00542, 0.0824, -0.0024, 0.00508, 5.56, 10, 12.78, 24.44),
('Trane CVHF 1758kW/6.46COP/VSD  ', 0.0799, 0.0206, -0.000405, 0.0457, -0.000147, -0.00156, 5.56, 10, 12.78, 24.44),
('Trane CVHF 1758kW/6.87COP/Vanes  ', 0.633, 0.00552, 0.000149, 0.00243, 0.00071, -0.00111, 5.56, 10, 12.78, 24.44),
('Carrier 19XR 1776kW/8.00COP/Vanes  ', 0.801, -0.0314, 0.00041, 0.0318, -0.00021, -0.0000766, 6.11, 12.78, 12.78, 23.89),
('Carrier 19XL 1779kW/6.18COP/Vanes  ', 0.587, -0.0391, 0.000347, 0.0295, -0.000251, 0.000248, 4.44, 8.89, 15.56, 26.11),
('Trane CVHF 1779kW/6.18COP/Vanes  ', 0.314, -0.0188, -0.00186, 0.0347, -0.00015, 0.000764, 5.56, 10, 18.33, 23.89),
('York YT 1794kW/8.11COP/Vanes  ', 0.855, 0.246, -0.00977, -0.0739, 0.00284, -0.00529, 5.56, 8.89, 12.78, 29.44),
('York YT 1794kW/7.90COP/VSD  ', 0.598, -0.155, 0.00691, 0.068, -0.000745, 0.000576, 5.56, 8.89, 12.78, 29.44),
('Carrier 19XL 1797kW/5.69COP/Vanes  ', 1.08, -0.0432, 0.00159, 0.00166, 0.0000804, 0.0000568, 6.67, 10, 21.11, 29.44),
('Carrier 19XR 1801kW/6.34COP/VSD  ', 0.693, -0.0189, 0.000835, 0.0126, 0.000459, -0.000822, 6.67, 12.22, 12.78, 23.89),
('York YT 1867kW/10.09COP/Vanes  ', 0.667, 0.0151, -0.00425, 0.0359, -0.000168, 0.000703, 4.44, 8.89, 12.78, 35),
('Carrier 19XL 1871kW/6.49COP/Vanes  ', 1.03, -0.0715, 0.00204, -0.000612, 0.000391, 0.000687, 4.44, 8.89, 15.56, 29.44),
('York YT 1881kW/6.77COP/VSD  ', 0.618, -0.0391, 0.000618, 0.0278, -0.000215, 0.000551, 4.44, 8.89, 12.78, 29.44),
('York YK 1881kW/6.53COP/Vanes  ', 0.443, 0.0436, -0.00173, 0.00992, 0.000431, -0.00112, 7.22, 12.78, 9.44, 26.67),
('York YK 1881kW/6.53COP/Vanes  ', 0.443, 0.0436, -0.00173, 0.00992, 0.000431, -0.00112, 7.22, 12.78, 9.44, 26.67),
('McQuay PEH 1895kW/6.42COP/Vanes  ', 0.392, -0.044, -0.00000387, 0.0462, -0.000709, 0.00137, 4.44, 8.89, 12.78, 35),
('York YT 1934kW/7.55COP/Vanes  ', 1.17, -0.13, 0.00559, 0.00861, 0.0000723, 0.00131, 5.56, 8.89, 12.78, 29.44),
('McQuay PEH 1934kW/6.01COP/Vanes  ', 0.289, -0.00588, -0.00181, 0.0519, -0.000794, 0.00111, 5.56, 8.89, 12.78, 29.44),
('McQuay WDC 1973kW/6.28COP/Vanes  ', 1.1, -0.0302, -0.00279, -0.0125, 0.00021, 0.00241, 7.22, 12.78, 12.78, 26.67),
('York YK 1997kW/7.24COP/Vanes  ', 0.119, 0.0877, -0.00169, 0.00221, 0.00133, -0.00325, 7.22, 12.78, 12.78, 26.67),
('McQuay PFH 2043kW/8.44COP/Vanes  ', 0.789, 0.0117, -0.00183, 0.0128, 0.000152, 0.000216, 6.11, 12.78, 12.78, 23.89),
('Trane CVHF 2043kW/9.08COP/Vanes  ', 0.607, 0.0118, 0.0021, 0.0153, 0.000676, -0.00263, 4.44, 8.89, 18.33, 29.44),
('Carrier 19XL 2057kW/6.05COP/Vanes  ', 0.862, -0.0584, -0.00228, 0.0247, -0.00102, 0.004, 4.44, 8.89, 12.78, 29.44),
('York YT 2110kW/7.15COP/Vanes  ', 0.627, -0.0412, 0.00133, 0.0266, -0.000186, 0.000509, 5.56, 8.89, 12.78, 29.44),
('McQuay PFH 2124kW/6.03COP/Vanes  ', 1.16, -0.0362, -0.00368, -0.012, -0.0000738, 0.00379, 5.56, 8.89, 12.78, 29.44),
('York YK 2159kW/6.85COP/Vanes  ', 0.911, -0.00379, -0.00108, -0.00715, 0.000518, 0.0000182, 4.44, 8.89, 15.56, 29.44),
('Trane CVHF 2184kW/6.78COP/Vanes  ', 0.888, -0.0133, 0.00169, -0.0016, 0.000788, -0.00158, 5.56, 10, 18.33, 23.89),
('York YK 2201kW/6.69COP/Vanes  ', 0.823, 0.0131, -0.00115, -0.00407, 0.000522, -0.000631, 4.44, 8.89, 15.56, 29.44),
('York YT 2233kW/9.54COP/VSD  ', 0.715, -0.0107, -0.00101, 0.0308, 0.000106, -0.000433, 5.56, 8.89, 12.78, 29.44),
('York YT 2233kW/9.54COP/VSD  ', 0.756, -0.0197, -0.000393, 0.0297, 0.00013, -0.000433, 5.56, 8.89, 12.78, 29.44),
('York YK 2237kW/6.41COP/Vanes  ', 0.857, 0.00335, 0.00105, -0.00522, 0.000657, -0.00136, 4.44, 8.89, 15.56, 29.44),
('York YK 2275kW/6.32COP/Vanes  ', 0.816, 0.0168, 0.0000624, -0.00606, 0.000701, -0.00142, 4.44, 8.89, 15.56, 29.44),
('York YK 2275kW/6.32COP/Vanes  ', 0.833, -0.00606, -0.000302, -0.0025, 0.000493, -0.000313, 4.44, 8.89, 12.78, 29.44),
('Trane CVHF 2300kW/8.10COP/Vanes  ', 0.718, 0.00656, 0.00000819, 0.0232, -0.00000176, -0.000883, 4.44, 8.89, 12.78, 29.44),
('Trane CVHF 2317kW/6.33COP/VSD  ', 0.35, -0.023, 0.000575, 0.019, 0.000311, -0.000471, 4.44, 8.89, 12.78, 29.44),
('Carrier 19XR 2391kW/6.77COP/Vanes  ', 0.627, -0.0237, 0.000403, 0.0283, -0.000199, -0.000147, 6.67, 12.22, 12.78, 23.89),
('Carrier 19XR 2391kW/6.44COP/VSD  ', 0.623, -0.0237, 0.0004, 0.0287, -0.000212, -0.000153, 6.67, 12.22, 12.78, 23.89),
('York YK 2412kW/5.58COP/Vanes  ', 0.463, -0.0231, 0.00117, 0.0343, -0.00034, -0.0000738, 4.44, 8.89, 15.56, 29.44),
('McQuay PFH 2462kW/6.67COP/Vanes  ', 0.546, 0.0285, -0.00577, 0.0163, -0.000265, 0.00214, 5.56, 8.89, 12.78, 23.89),
('Trane CVHF 2567kW/11.77COP/VSD  ', 0.456, -0.0333, -0.00176, 0.0562, -0.0000854, 0.000357, 4.44, 8.89, 12.78, 29.44),
('York YK 2771kW/6.84COP/VSD  ', 0.72, 0.0103, -0.000785, -0.00121, 0.000821, -0.00146, 4.44, 8.89, 12.78, 29.44),
('Trane CVHF 2799kW/6.40COP/Vanes  ', 0.227, -0.0762, 0.00214, 0.0709, -0.00112, 0.000609, 4.44, 8.89, 15.56, 29.44),
('York YT 3133kW/9.16COP/Vanes  ', 0.915, -0.0396, 0.00187, 0.0181, 0.00029, -0.00042, 5.56, 8.89, 12.78, 29.44),
('McQuay PFH 3165kW/6.48COP/Vanes  ', 0.935, 0.0655, -0.0124, -0.028, 0.000332, 0.0048, 5.56, 8.89, 12.78, 23.89),
('McQuay PFH 4020kW/7.35COP/Vanes  ', 0.932, -0.0216, -0.00144, 0.0138, -0.000149, 0.0013, 6.67, 12.22, 12.78, 23.89),
('York YK 4396kW/6.63COP/Vanes  ', 0.591, -0.0597, 0.000818, 0.0399, -0.000818, 0.00146, 4.44, 7.78, 12.78, 26.67),
('York YK 4477kW/6.64COP/Vanes  ', 0.426, -0.0339, -0.00199, 0.0503, -0.00114, 0.00181, 4.44, 7.78, 12.78, 26.67),
('York YK 4515kW/6.22COP/Vanes  ', 0.591, 0.0103, -0.000472, 0.0122, 0.000417, -0.00148, 4.44, 7.78, 12.78, 26.67),
('York YK 4537kW/6.28COP/Vanes  ', 0.771, -0.0226, 0.000249, 0.00764, 0.000338, -0.000361, 4.44, 7.78, 12.78, 26.67),
('Trane CVHF 4610kW/6.34COP/Vanes  ', 0.742, -0.0478, -0.00103, 0.0142, 0.00013, 0.000917, 4.44, 8.89, 18.33, 29.44),
('Carrier 19EX 4667kW/6.16COP/Vanes  ', 0.521, -0.00822, -0.0000307, 0.0215, 0.00012, -0.000717, 4.44, 7.78, 12.78, 26.67),
('Trane CVHF 4677kW/6.27COP/Vanes  ', 0.828, -0.0303, 0.00416, -0.00328, 0.000676, -0.00111, 4.44, 7.78, 12.78, 26.67),
('York YK 4966kW/6.05COP/Vanes  ', 0.823, -0.00813, 0.00111, -0.00352, 0.000613, -0.000917, 4.44, 8.89, 15.56, 29.44),
('York YK 4969kW/7.14COP/Vanes  ', 0.738, -0.0585, 0.00112, 0.0217, -0.000219, 0.00104, 4.44, 8.89, 12.78, 29.44),
('York YK 4969kW/7.07COP/Vanes  ', 0.722, -0.0448, 0.00000962, 0.0208, -0.000262, 0.00119, 4.44, 8.89, 15.56, 29.44),
('Carrier 19EX 4997kW/6.40COP/Vanes  ', 0.669, -0.0254, 0.00333, 0.01, 0.000575, -0.0018, 4.44, 7.78, 12.78, 26.67),
('Carrier 19EX 5148kW/6.34COP/Vanes  ', 0.543, 0.00396, -0.00012, 0.0161, 0.000309, -0.00113, 4.44, 8.89, 15.56, 29.44),
('York YK 5170kW/7.15COP/Vanes  ', 0.589, -0.0293, -0.0019, 0.0285, -0.000511, 0.0017, 4.44, 8.89, 15.56, 29.44),
('Carrier 19EX 5208kW/6.88COP/Vanes  ', 0.52, -0.0152, -0.000639, 0.0217, 0.0000242, 0.000143, 4.44, 8.89, 15.56, 29.44),
('York YK 5465kW/6.94COP/Vanes  ', 0.64, -0.0595, 0.000588, 0.0317, -0.000509, 0.00146, 4.44, 8.89, 15.56, 29.44),
('York YK 5549kW/6.50COP/Vanes  ', 0.499, -0.0825, 0.00605, 0.0517, -0.000855, 0.0000628, 4.44, 8.89, 12.78, 26.11),
('Carrier 19FA 5651kW/5.50COP/Vanes  ', 0.785, -0.0165, -0.000329, 0.00457, 0.000196, 0.000176, 4.44, 8.89, 15.56, 29.44),
('DOE-2 Centrifugal/5.50COP  ', 0.934, -0.0582, 0.0045, 0.00243, 0.000486, -0.00122, 5, 10, 24, 35),
('Multistack MS 172kW/3.67COP/None  ', 0.94, -0.0575, 0.00256, 0.0108, 0.000184, 0.0000527, 4.44, 8.89, 18.33, 35),
('DOE-2 Reciprocating/3.67COP  ', 1.03, -0.104, 0.0071, 0.00932, 0.000318, -0.00104, 5, 10, 24, 35),
('Trane RTWA 383kW/4.17COP/Valve  ', 0.623, -0.0087, 0.000972, 0.00518, 0.000495, -0.000963, 4.44, 8.89, 23.89, 35),
('Trane RTHB 531kW/4.83COP/Valve  ', 0.452, 0.000105, 0.0000693, 0.0204, 0.000367, -0.0011, 5.56, 10, 15.56, 23.89),
('Trane RTHB 538kW/5.12COP/Valve  ', 0.546, -0.0093, 0.000501, 0.0143, 0.000472, -0.000894, 5.56, 10, 15.56, 23.89),
('Trane RTHB 542kW/5.26COP/Valve  ', 0.495, -0.0136, 0.000578, 0.0278, 0.000175, -0.000859, 5.56, 10, 15.56, 23.89),
('York YS 672kW/7.90COP/Valve  ', 0.407, -0.00642, 0.000269, 0.045, 0.000158, -0.00128, 6.11, 12.78, 15.56, 23.89),
('Carrier 23XL 686kW/5.91COP/Valve  ', 0.501, 0.00156, -0.000135, 0.0153, 0.00057, -0.00122, 5.56, 10, 12.78, 23.89),
('Trane RTHC 707kW/7.77COP/Valve  ', 0.65, 0.00688, -0.000528, 0.0173, 0.000678, -0.00124, 5.56, 11.11, 15.56, 23.89),
('York YS 756kW/7.41COP/Valve  ', 0.692, -0.0193, 0.00145, 0.018, 0.00093, -0.00176, 5.56, 10, 16.06, 23.89),
('York YS 781kW/5.42COP/Valve  ', 0.448, -0.0105, 0.000713, 0.0116, 0.000515, -0.000983, 4.44, 8.89, 15.56, 35),
('Carrier 23XL 830kW/6.97COP/Valve  ', 0.461, -0.0156, -0.000274, 0.0265, -0.0000779, 0.000186, 5.56, 10, 14.17, 23.89),
('Carrier 23XL 862kW/6.11COP/Valve  ', 0.542, -0.0211, 0.00151, 0.0207, 0.000529, -0.00163, 5.56, 10, 12.78, 23.89),
('Carrier 23XL 862kW/6.84COP/Valve  ', 0.593, -0.0208, 0.0016, 0.0235, 0.000599, -0.00191, 5.56, 10, 12.78, 23.89),
('Carrier 23XL 865kW/6.05COP/Valve  ', 0.544, 0.00763, -0.000092, 0.00134, 0.000829, -0.00154, 3.33, 7.78, 12.78, 29.44),
('York YS 879kW/5.82COP/Valve  ', 0.56, -0.0109, 0.000872, 0.0101, 0.000509, -0.00121, 3.33, 7.78, 12.78, 29.44),
('Trane RTHC 1009kW/5.37COP/Valve  ', 0.438, 0.00775, 0.000635, -0.00295, 0.00127, -0.00154, 5.56, 10, 19.97, 24.86),
('Trane RTHB 1051kW/5.05COP/Valve  ', 0.49, -0.00553, 0.00121, 0.00912, 0.000592, -0.00147, 4.44, 8.89, 23.89, 35),
('Carrier 23XL 1062kW/5.50COP/Valve  ', 0.263, -0.00703, -0.000494, 0.0252, 0.000171, -0.000431, 6.67, 10, 21.11, 29.44),
('Trane RTHC 1066kW/5.73COP/Valve  ', 0.9, 0.00378, 0.000982, -0.0405, 0.00204, -0.00162, 5.56, 10, 20.07, 25.28),
('Trane RTHC 1094kW/6.55COP/Valve  ', 0.658, -0.0113, 0.00065, 0.00732, 0.000617, -0.000955, 5.56, 10, 15.56, 23.89),
('Carrier 23XL 1108kW/6.92COP/Valve  ', 0.567, -0.028, 0.000936, 0.0221, 0.000466, -0.000799, 5.56, 10, 12.78, 23.89),
('York YS 1171kW/9.15COP/Valve  ', 0.533, -0.0261, 0.00137, 0.041, 0.00034, -0.00151, 6.11, 12.78, 15.56, 23.89),
('Carrier 23XL 1196kW/6.39COP/Valve  ', 0.508, -0.0161, 0.000174, 0.0209, 0.000416, -0.000717, 6.67, 12.22, 12.78, 23.89),
('York YS 1554kW/9.31COP/Valve  ', 0.51, 0.0138, -0.000207, 0.0285, 0.000719, -0.00203, 5.56, 8.89, 15.56, 35),
('York YS 1758kW/5.84COP/Valve  ', 0.638, 0.0063, 0.000923, -0.00455, 0.000826, -0.00156, 4.44, 8.89, 12.78, 35),
('Trane CGWD 207kW/3.99COP/None  ', 0.727, -0.0119, 0.000541, 0.00188, 0.000473, -0.000711, 5.56, 10, 23.89, 35);

-- --------------------------------------------------------

--
-- Table structure for table `eirfplr`
--

CREATE TABLE IF NOT EXISTS `eirfplr` (
  `Chiller` text NOT NULL,
  `Constant` float NOT NULL,
  `x` float NOT NULL,
  `x2` float NOT NULL,
  `minplr` float NOT NULL,
  `maxplr` float NOT NULL
) ENGINE=InnoDB DEFAULT CHARSET=latin1;

--
-- Dumping data for table `eirfplr`
--

INSERT INTO `eirfplr` (`Chiller`, `Constant`, `x`, `x2`, `minplr`, `maxplr`) VALUES
('McQuay WSC 471kW/5.89COP/Vanes', 0.278, 0.234, 0.488, 0.1, 1.15),
('York YT 563kW/10.61COP/Vanes', 0.52, -0.778, 1.26, 0.09, 1.03),
('McQuay PEH 703kW/7.03COP/Vanes', 0.386, -0.252, 0.867, 0.1, 1.03),
('Carrier 23XL 724kW/6.04COP/Vanes', 0.188, 0.356, 0.454, 0.19, 1.04),
('Carrier 19XR 742kW/5.42COP/VSD', 0.12, 0.14, 0.739, 0.19, 1.02),
('McQuay WSC 816kW/6.74COP/Vanes', 0.307, 0.0865, 0.608, 0.09, 1.03),
('McQuay PEH 819kW/8.11COP/Vanes', 0.283, 0.225, 0.492, 0.09, 1.05),
('Carrier 19XR 823kW/6.28COP/Vanes', 0.297, 0.469, 0.233, 0.1, 1.03),
('Carrier 19XR 869kW/5.57COP/VSD', 0.15, -0.068, 0.917, 0.18, 1.03),
('Carrier 19XR 897kW/7.23COP/VSD', 0.204, -0.391, 1.19, 0.2, 1.04),
('Carrier 19XR 897kW/6.50COP/Vanes', 0.332, 0.256, 0.411, 0.2, 1.02),
('York YT 897kW/7.60COP/VSD', 0.0471, 0.0707, 0.88, 0.1, 1.02),
('York YT 897kW/6.27COP/VSD', 0.0984, -0.0164, 0.913, 0.1, 1.02),
('Carrier 19XR 897kW/6.23COP/VSD', 0.208, -0.213, 1, 0.2, 1.02),
('McQuay PFH 932kW/5.09COP/Vanes', 0.0682, 0.667, 0.265, 0.09, 1.02),
('York YT 960kW/4.64COP/Vanes', 0.274, 0.314, 0.411, 0.09, 1.09),
('York YT 1023kW/5.81COP/Vanes', 0.237, 0.329, 0.434, 0.09, 1.06),
('McQuay PEH 1030kW/8.58COP/Vanes', 0.322, -0.00919, 0.688, 0.08, 1.02),
('York YT 1048kW/6.06COP/Vanes', 0.154, 0.728, 0.116, 0.1, 1.06),
('York YT 1055kW/5.96COP/Vanes', 0.262, 0.239, 0.499, 0.1, 1.05),
('Carrier 19XR 1076kW/5.52COP/Vanes', 0.132, -0.03, 0.897, 0.1, 1.02),
('Trane CVHE 1080kW/7.39COP/Vanes', 0.179, 0.298, 0.524, 0.2, 1.05),
('York YT 1090kW/7.57COP/VSD', 0.143, -0.492, 1.34, 0.14, 1.02),
('McQuay PEH 1104kW/8.00COP/Vanes', 0.309, -0.0109, 0.702, 0.08, 1.03),
('York YT 1125kW/7.92COP/VSD', 0.115, 0.0423, 0.842, 0.09, 1.03),
('Trane CVHE 1125kW/4.89COP/Vanes', 0.181, -0.147, 0.966, 0.1, 1.01),
('York YT 1125kW/7.92COP/VSD', 0.115, 0.0423, 0.842, 0.09, 1.03),
('Trane CVHE 1129kW/7.19COP/Vanes', 0.169, 0.248, 0.584, 0.15, 1.06),
('Carrier 19XR 1143kW/6.57COP/VSD', 0.141, -0.158, 1.01, 0.2, 1.03),
('Carrier 19XR 1157kW/5.62COP/VSD', 0.161, -0.206, 1.04, 0.19, 1.01),
('Carrier 19XR 1196kW/6.50COP/Vanes', 0.272, 0.271, 0.455, 0.2, 1.03),
('Carrier 19XR 1213kW/7.78COP/Vanes', 0.285, 0.403, 0.311, 0.17, 1.02),
('McQuay PEH 1231kW/6.18COP/Vanes', 0.212, 0.426, 0.361, 0.1, 1.02),
('Carrier 19XR 1234kW/5.39COP/VSD', 0.15, -0.145, 0.994, 0.19, 1.02),
('Carrier 19XR 1259kW/6.26COP/Vanes', 0.223, 0.52, 0.258, 0.18, 1.03),
('York YK 1259kW/6.45COP/Vanes', 0.101, 0.622, 0.278, 0.18, 1.02),
('York YT 1266kW/4.39COP/Vanes', 0.733, -0.796, 1.06, 0.11, 1.05),
('Carrier 19XR 1284kW/6.20COP/Vanes', 0.232, 0.769, -0.000653, 0.2, 1.02),
('Carrier 19XR 1294kW/7.61COP/Vanes', 0.0934, 0.399, 0.509, 0.16, 1.02),
('Trane CVHE 1329kW/5.38COP/Vanes', 0.0408, 1.17, -0.221, 0.29, 1.05),
('Carrier 19XR 1350kW/7.90COP/VSD', 0.334, -0.41, 1.08, 0.19, 1.02),
('York YT 1368kW/7.35COP/VSD', 0.0948, 0.152, 0.754, 0.1, 1.03),
('Trane CVHE 1372kW/7.49COP/Vanes', 0.0515, 0.964, -0.019, 0.41, 1.07),
('York YT 1396kW/7.35COP/Vanes', 0.304, 0.0372, 0.659, 0.1, 1.03),
('Carrier 19XR 1403kW/7.09COP/VSD', 0.0879, 0.268, 0.645, 0.17, 1.03),
('York YT 1403kW/6.94COP/VSD', 0.0327, 0.387, 0.579, 0.1, 1.1),
('Trane CVHE 1407kW/7.14COP/VSD', 0.0596, 0.35, 0.587, 0.3, 1.06),
('McQuay PFH 1407kW/6.60COP/Vanes', 0.077, 0.541, 0.383, 0.1, 1.04),
('Carrier 19XR 1407kW/6.04COP/VSD', 0.119, 0.672, 0.207, 0.2, 1.04),
('Carrier 19XR 1410kW/8.54COP/VSD', 0.0966, 0.748, 0.157, 0.18, 1.03),
('Trane CVHE 1442kW/6.61COP/VSD', 0.093, 0.324, 0.582, 0.1, 1.07),
('York YT 1459kW/6.40COP/VSD', 0.04, 0.251, 0.707, 0.1, 1.13),
('Trane CVHE 1484kW/9.96COP/VSD', 0.135, 0.0139, 0.852, 0.24, 1.06),
('York YT 1495kW/7.51COP/VSD', 0.152, -0.158, 1.01, 0.11, 1.05),
('McQuay WSC 1519kW/7.10COP/Vanes', 0.156, 0.489, 0.354, 0.1, 1.03),
('Carrier 19XR 1558kW/5.81COP/VSD', 0.162, -0.255, 1.09, 0.19, 1.01),
('Carrier 19XR 1586kW/5.53COP/VSD', 0.2, -0.161, 0.961, 0.19, 1.01),
('McQuay PEH 1635kW/7.47COP/Vanes', 0.184, 0.578, 0.239, 0.08, 1.03),
('Carrier 19XR 1635kW/6.36COP/Vanes', 0.258, 0.271, 0.471, 0.18, 1.05),
('Carrier 19XR 1656kW/8.24COP/VSD', 0.198, 0.0441, 0.764, 0.17, 1.04),
('York YT 1663kW/9.34COP/Vanes', 0.213, 0.313, 0.473, 0.17, 1.03),
('Carrier 19XL 1674kW/7.89COP/Vanes', 0.339, 0.262, 0.399, 0.32, 1.02),
('Trane CVHF 1681kW/6.59COP/Vanes', 0.162, 0.236, 0.603, 0.1, 1.02),
('Carrier 19XR 1723kW/8.32COP/VSD', 0.237, -0.18, 0.944, 0.18, 1.04),
('Carrier 19XR 1727kW/9.04COP/Vanes', 0.247, 0.449, 0.304, 0.17, 1.03),
('McQuay WSC 1751kW/6.73COP/Vanes', 0.225, 0.265, 0.51, 0.1, 1.06),
('Trane CVHF 1758kW/5.96COP/Vanes', 0.369, 0.0955, 0.535, 0.2, 1.02),
('York YT 1758kW/5.76COP/VSD', 0.0786, 0.195, 0.724, 0.1, 1.02),
('York YT 1758kW/6.26COP/Vanes', 0.172, 0.56, 0.263, 0.1, 1.14),
('York YT 1758kW/5.96COP/Vanes', 0.224, 0.259, 0.517, 0.1, 1.01),
('Trane CVHE 1758kW/5.96COP/Vanes', 0.187, 0.585, 0.229, 0.2, 1.03),
('York YT 1758kW/6.28COP/Vanes', 0.186, 0.548, 0.265, 0.2, 1.06),
('Carrier 19XR 1758kW/5.86COP/VSD', 0.278, -0.55, 1.27, 0.2, 1.02),
('Trane CVHF 1758kW/6.46COP/VSD', 0.327, 0.33, 0.342, 0.2, 1.02),
('Trane CVHF 1758kW/6.87COP/Vanes', 0.24, 0.509, 0.25, 0.2, 1.03),
('Carrier 19XR 1776kW/8.00COP/Vanes', 0.328, 0.279, 0.395, 0.17, 1.04),
('Carrier 19XL 1779kW/6.18COP/Vanes', 0.309, 0.264, 0.427, 0.2, 1.03),
('Trane CVHF 1779kW/6.18COP/Vanes', 0.17, 0.187, 0.641, 0.1, 1.02),
('York YT 1794kW/8.11COP/Vanes', 0.0319, 0.827, 0.128, 0.1, 1.08),
('York YT 1794kW/7.90COP/VSD', 0.145, 0.106, 0.749, 0.1, 1.05),
('Carrier 19XL 1797kW/5.69COP/Vanes', 0.593, -0.266, 0.673, 0.39, 1.01),
('Carrier 19XR 1801kW/6.34COP/VSD', 0.104, 0.282, 0.614, 0.2, 1.03),
('York YT 1867kW/10.09COP/Vanes', 0.216, 0.225, 0.558, 0.09, 1.04),
('Carrier 19XL 1871kW/6.49COP/Vanes', 0.298, 0.291, 0.409, 0.19, 1.02),
('York YT 1881kW/6.77COP/VSD', 0.0609, 0.484, 0.457, 0.09, 1.03),
('York YK 1881kW/6.53COP/Vanes', 0.0363, 0.538, 0.427, 0.19, 1.03),
('York YK 1881kW/6.53COP/Vanes', 0.0527, 0.418, 0.531, 0.19, 1.03),
('McQuay PEH 1895kW/6.42COP/Vanes', 0.259, 0.143, 0.597, 0.09, 1.09),
('York YT 1934kW/7.55COP/Vanes', 0.171, 0.606, 0.217, 0.1, 1.06),
('McQuay PEH 1934kW/6.01COP/Vanes', 0.385, -0.237, 0.85, 0.1, 1.08),
('McQuay WDC 1973kW/6.28COP/Vanes', 0.128, 0.272, 0.601, 0.09, 1.06),
('York YK 1997kW/7.24COP/Vanes', 0.0936, 0.587, 0.321, 0.18, 1.06),
('McQuay PFH 2043kW/8.44COP/Vanes', 0.123, 0.307, 0.571, 0.08, 1.02),
('Trane CVHF 2043kW/9.08COP/Vanes', 0.217, 0.439, 0.343, 0.28, 1.04),
('Carrier 19XL 2057kW/6.05COP/Vanes', 0.404, -0.386, 0.98, 0.28, 1.04),
('York YT 2110kW/7.15COP/Vanes', 0.247, 0.186, 0.566, 0.1, 1.04),
('McQuay PFH 2124kW/6.03COP/Vanes', 0.105, 0.203, 0.69, 0.09, 1.03),
('York YK 2159kW/6.85COP/Vanes', 0.26, 0.189, 0.552, 0.14, 1.05),
('Trane CVHF 2184kW/6.78COP/Vanes', 0.0894, 0.525, 0.385, 0.09, 1.01),
('York YK 2201kW/6.69COP/Vanes', 0.265, 0.144, 0.591, 0.14, 1.05),
('York YT 2233kW/9.54COP/VSD', 0.0731, 0.151, 0.771, 0.1, 1.04),
('York YT 2233kW/9.54COP/VSD', 0.0692, 0.174, 0.752, 0.1, 1.04),
('York YK 2237kW/6.41COP/Vanes', 0.261, 0.213, 0.527, 0.13, 1.01),
('York YK 2275kW/6.32COP/Vanes', 0.27, 0.184, 0.546, 0.13, 1.02),
('York YK 2275kW/6.32COP/Vanes', 0.274, 0.216, 0.51, 0.13, 1.03),
('Trane CVHF 2300kW/8.10COP/Vanes', 0.116, 0.435, 0.449, 0.23, 1.02),
('Trane CVHF 2317kW/6.33COP/VSD', 0.0986, 0.53, 0.371, 0.1, 1.04),
('Carrier 19XR 2391kW/6.77COP/Vanes', 0.304, 0.252, 0.443, 0.2, 1.02),
('Carrier 19XR 2391kW/6.44COP/VSD', 0.0977, 0.249, 0.654, 0.2, 1.02),
('York YK 2412kW/5.58COP/Vanes', 0.247, 0.753, 0.000864, 0.12, 1.01),
('McQuay PFH 2462kW/6.67COP/Vanes', 0.0922, 0.583, 0.325, 0.1, 1.02),
('Trane CVHF 2567kW/11.77COP/VSD', 0.104, 0.418, 0.477, 0.11, 1.04),
('York YK 2771kW/6.84COP/VSD', 0.0865, 0.174, 0.74, 0.2, 1.02),
('Trane CVHF 2799kW/6.40COP/Vanes', 0.302, -0.0289, 0.726, 0.2, 1.04),
('York YT 3133kW/9.16COP/Vanes', 0.139, 0.644, 0.216, 0.07, 1.03),
('McQuay PFH 3165kW/6.48COP/Vanes', 0.105, 0.409, 0.484, 0.1, 1.03),
('McQuay PFH 4020kW/7.35COP/Vanes', 0.0576, 0.596, 0.347, 0.14, 1.03),
('York YK 4396kW/6.63COP/Vanes', 0.302, 0.031, 0.667, 0.41, 1.06),
('York YK 4477kW/6.64COP/Vanes', 0.277, 0.107, 0.615, 0.41, 1.06),
('York YK 4515kW/6.22COP/Vanes', 0.287, 0.395, 0.318, 0.4, 1.03),
('York YK 4537kW/6.28COP/Vanes', 0.253, 0.292, 0.453, 0.4, 1.03),
('Trane CVHF 4610kW/6.34COP/Vanes', 0.203, 0.292, 0.504, 0.2, 1.02),
('Carrier 19EX 4667kW/6.16COP/Vanes', 0.377, 0.0285, 0.593, 0.4, 1.04),
('Trane CVHF 4677kW/6.27COP/Vanes', 0.353, -0.213, 0.86, 0.41, 1.03),
('York YK 4966kW/6.05COP/Vanes', 0.342, 0.195, 0.464, 0.12, 1.02),
('York YK 4969kW/7.14COP/Vanes', 0.226, 0.232, 0.542, 0.16, 1.07),
('York YK 4969kW/7.07COP/Vanes', 0.231, 0.18, 0.589, 0.16, 1.06),
('Carrier 19EX 4997kW/6.40COP/Vanes', 0.336, 0.212, 0.449, 0.4, 1.05),
('Carrier 19EX 5148kW/6.34COP/Vanes', 0.188, 0.502, 0.309, 0.2, 1.03),
('York YK 5170kW/7.15COP/Vanes', 0.25, 0.101, 0.65, 0.15, 1.08),
('Carrier 19EX 5208kW/6.88COP/Vanes', 0.233, 0.393, 0.373, 0.2, 1.03),
('York YK 5465kW/6.94COP/Vanes', 0.28, 0.0787, 0.642, 0.14, 1.07),
('York YK 5549kW/6.50COP/Vanes', 0.234, 0.19, 0.575, 0.14, 1.05),
('Carrier 19FA 5651kW/5.50COP/Vanes', 0.163, 0.571, 0.266, 0.19, 1.02),
('DOE-2 Centrifugal/5.50COP', 0.222903, 0.313387, 0.46371, 0, 1),
('Multistack MS 172kW/3.67COP/None', 0.00475, 1.07, -0.0776, 0.4, 1.03),
('DOE-2 Reciprocating/3.67COP', 0.088065, 1.13774, -0.225806, 0, 1),
('Trane RTWA 383kW/4.17COP/Valve', 0.033, 0.911, 0.0557, 0.25, 1.01),
('Trane RTHB 531kW/4.83COP/Valve', 0.198, 0.273, 0.528, 0.3, 1.01),
('Trane RTHB 538kW/5.12COP/Valve', 0.182, 0.373, 0.445, 0.3, 1.01),
('Trane RTHB 542kW/5.26COP/Valve', 0.306, -0.155, 0.848, 0.3, 1.01),
('York YS 672kW/7.90COP/Valve', 0.194, 0.338, 0.47, 0.09, 1.01),
('Carrier 23XL 686kW/5.91COP/Valve', 0.211, 0.419, 0.369, 0.2, 1.04),
('Trane RTHC 707kW/7.77COP/Valve', 0.2, 0.675, 0.124, 0.28, 1.01),
('York YS 756kW/7.41COP/Valve', 0.293, 0.0167, 0.688, 0.11, 1.01),
('York YS 781kW/5.42COP/Valve', 0.252, 0.276, 0.473, 0.09, 1.01),
('Carrier 23XL 830kW/6.97COP/Valve', 0.231, 0.778, -0.00752, 0.2, 1.01),
('Carrier 23XL 862kW/6.11COP/Valve', 0.229, 0.366, 0.403, 0.2, 1.04),
('Carrier 23XL 862kW/6.84COP/Valve', 0.115, 0.734, 0.151, 0.3, 1.04),
('Carrier 23XL 865kW/6.05COP/Valve', 0.255, 0.31, 0.435, 0.2, 1.03),
('York YS 879kW/5.82COP/Valve', 0.303, 0.322, 0.375, 0.1, 1.02),
('Trane RTHC 1009kW/5.37COP/Valve', 0.132, 1.01, -0.141, 0.3, 1.01),
('Trane RTHB 1051kW/5.05COP/Valve', 0.259, 0.215, 0.527, 0.2, 1.01),
('Carrier 23XL 1062kW/5.50COP/Valve', 0.258, 0.342, 0.401, 0.2, 1.01),
('Trane RTHC 1066kW/5.73COP/Valve', 0.101, 1.12, -0.217, 0.3, 1.01),
('Trane RTHC 1094kW/6.55COP/Valve', 0.163, 0.79, 0.0477, 0.25, 1.01),
('Carrier 23XL 1108kW/6.92COP/Valve', 0.137, 0.837, 0.0253, 0.2, 1.02),
('York YS 1171kW/9.15COP/Valve', 0.189, 0.468, 0.345, 0.09, 1.01),
('Carrier 23XL 1196kW/6.39COP/Valve', 0.106, 0.731, 0.163, 0.2, 1.03),
('York YS 1554kW/9.31COP/Valve', 0.172, 0.508, 0.321, 0.1, 1.02),
('York YS 1758kW/5.84COP/Valve', 0.315, 0.317, 0.371, 0.2, 1.04),
('Trane CGWD 207kW/3.99COP/None', 0.0415, 0.654, 0.304, 0.25, 1.01);

-- --------------------------------------------------------

--
-- Table structure for table `namesandcapacities`
--

CREATE TABLE IF NOT EXISTS `namesandcapacities` (
  `Chiller` text NOT NULL,
  `Condenser` text NOT NULL,
  `Type` text NOT NULL,
  `kW` float NOT NULL,
  `TR` float NOT NULL,
  `COP` float NOT NULL
) ENGINE=InnoDB DEFAULT CHARSET=latin1;

--
-- Dumping data for table `namesandcapacities`
--

INSERT INTO `namesandcapacities` (`Chiller`, `Condenser`, `Type`, `kW`, `TR`, `COP`) VALUES
('Multistack MS 172kW/3.67COP/None', 'Water cooled', 'Reciprocating', 172, 49, 3.67),
('Trane CGWD 207kW/3.99COP/None', 'Water cooled', 'Scroll', 207, 59, 3.99),
('Trane RTWA 383kW/4.17COP/Valve', 'Water cooled', 'Screw', 383, 109, 4.17),
('McQuay WSC 471kW/5.89COP/Vanes', 'Water cooled', 'Centrifugal', 471, 134, 5.89),
('Trane RTHB 531kW/4.83COP/Valve', 'Water cooled', 'Screw', 531, 151, 4.83),
('Trane RTHB 538kW/5.12COP/Valve', 'Water cooled', 'Screw', 538, 153, 5.12),
('Trane RTHB 542kW/5.26COP/Valve', 'Water cooled', 'Screw', 542, 154, 5.26),
('York YT 563kW/10.61COP/Vanes', 'Water cooled', 'Centrifugal', 563, 160, 10.61),
('York YS 672kW/7.90COP/Valve', 'Water cooled', 'Screw', 672, 191, 7.9),
('Carrier 23XL 686kW/5.91COP/Valve', 'Water cooled', 'Screw', 686, 195, 5.91),
('McQuay PEH 703kW/7.03COP/Vanes', 'Water cooled', 'Centrifugal', 703, 200, 7.03),
('Trane RTHC 707kW/7.77COP/Valve', 'Water cooled', 'Screw', 707, 201, 7.77),
('Carrier 23XL 724kW/6.04COP/Vanes', 'Water cooled', 'Centrifugal', 724, 206, 6.04),
('Carrier 19XR 742kW/5.42COP/VSD', 'Water cooled', 'Centrifugal', 742, 211, 5.42),
('York YS 756kW/7.41COP/Valve', 'Water cooled', 'Screw', 756, 215, 7.41),
('York YS 781kW/5.42COP/Valve', 'Water cooled', 'Screw', 781, 222, 5.42),
('McQuay WSC 816kW/6.74COP/Vanes', 'Water cooled', 'Centrifugal', 816, 232, 6.74),
('McQuay PEH 819kW/8.11COP/Vanes', 'Water cooled', 'Centrifugal', 819, 233, 8.11),
('Carrier 19XR 823kW/6.28COP/Vanes', 'Water cooled', 'Centrifugal', 823, 234, 6.28),
('Carrier 23XL 830kW/6.97COP/Valve', 'Water cooled', 'Screw', 830, 236, 6.97),
('Carrier 23XL 862kW/6.11COP/Valve', 'Water cooled', 'Screw', 862, 245, 6.11),
('Carrier 23XL 862kW/6.84COP/Valve', 'Water cooled', 'Screw', 862, 245, 6.84),
('Carrier 23XL 865kW/6.05COP/Valve', 'Water cooled', 'Screw', 865, 246, 6.05),
('Carrier 19XR 869kW/5.57COP/VSD', 'Water cooled', 'Centrifugal', 869, 247, 5.57),
('York YS 879kW/5.82COP/Valve', 'Water cooled', 'Screw', 879, 250, 5.82),
('Carrier 19XR 897kW/7.23COP/VSD', 'Water cooled', 'Centrifugal', 897, 255, 7.23),
('Carrier 19XR 897kW/6.50COP/Vanes', 'Water cooled', 'Centrifugal', 897, 255, 6.5),
('York YT 897kW/7.60COP/VSD', 'Water cooled', 'Centrifugal', 897, 255, 7.6),
('York YT 897kW/6.27COP/VSD', 'Water cooled', 'Centrifugal', 897, 255, 6.27),
('Carrier 19XR 897kW/6.23COP/VSD', 'Water cooled', 'Centrifugal', 897, 255, 6.23),
('McQuay PFH 932kW/5.09COP/Vanes', 'Water cooled', 'Centrifugal', 932, 265, 5.09),
('York YT 960kW/4.64COP/Vanes', 'Water cooled', 'Centrifugal', 960, 273, 4.64),
('Trane RTHC 1009kW/5.37COP/Valve', 'Water cooled', 'Screw', 1009, 287, 5.37),
('York YT 1023kW/5.81COP/Vanes', 'Water cooled', 'Centrifugal', 1023, 291, 5.81),
('McQuay PEH 1030kW/8.58COP/Vanes', 'Water cooled', 'Centrifugal', 1030, 293, 8.58),
('York YT 1048kW/6.06COP/Vanes', 'Water cooled', 'Centrifugal', 1048, 298, 6.06),
('Trane RTHB 1051kW/5.05COP/Valve', 'Water cooled', 'Screw', 1051, 299, 5.05),
('York YT 1055kW/5.96COP/Vanes', 'Water cooled', 'Centrifugal', 1055, 300, 5.96),
('Carrier 23XL 1062kW/5.50COP/Valve', 'Water cooled', 'Screw', 1062, 302, 5.5),
('Trane RTHC 1066kW/5.73COP/Valve', 'Water cooled', 'Screw', 1066, 303, 5.73),
('Carrier 19XR 1076kW/5.52COP/Vanes', 'Water cooled', 'Centrifugal', 1076, 306, 5.52),
('Trane CVHE 1080kW/7.39COP/Vanes', 'Water cooled', 'Centrifugal', 1080, 307, 7.39),
('York YT 1090kW/7.57COP/VSD', 'Water cooled', 'Centrifugal', 1090, 310, 7.57),
('Trane RTHC 1094kW/6.55COP/Valve', 'Water cooled', 'Screw', 1094, 311, 6.55),
('McQuay PEH 1104kW/8.00COP/Vanes', 'Water cooled', 'Centrifugal', 1104, 314, 8),
('Carrier 23XL 1108kW/6.92COP/Valve', 'Water cooled', 'Screw', 1108, 315, 6.92),
('York YT 1125kW/7.92COP/VSD', 'Water cooled', 'Centrifugal', 1125, 320, 7.92),
('Trane CVHE 1125kW/4.89COP/Vanes', 'Water cooled', 'Centrifugal', 1125, 320, 4.89),
('York YT 1125kW/7.92COP/VSD', 'Water cooled', 'Centrifugal', 1125, 320, 7.92),
('Trane CVHE 1129kW/7.19COP/Vanes', 'Water cooled', 'Centrifugal', 1129, 321, 7.19),
('Carrier 19XR 1143kW/6.57COP/VSD', 'Water cooled', 'Centrifugal', 1143, 325, 6.57),
('Carrier 19XR 1157kW/5.62COP/VSD', 'Water cooled', 'Centrifugal', 1157, 329, 5.62),
('York YS 1171kW/9.15COP/Valve', 'Water cooled', 'Screw', 1171, 333, 9.15),
('Carrier 19XR 1196kW/6.50COP/Vanes', 'Water cooled', 'Centrifugal', 1196, 340, 6.5),
('Carrier 23XL 1196kW/6.39COP/Valve', 'Water cooled', 'Screw', 1196, 340, 6.39),
('Carrier 19XR 1213kW/7.78COP/Vanes', 'Water cooled', 'Centrifugal', 1213, 345, 7.78),
('McQuay PEH 1231kW/6.18COP/Vanes', 'Water cooled', 'Centrifugal', 1231, 350, 6.18),
('Carrier 19XR 1234kW/5.39COP/VSD', 'Water cooled', 'Centrifugal', 1234, 351, 5.39),
('Carrier 19XR 1259kW/6.26COP/Vanes', 'Water cooled', 'Centrifugal', 1259, 358, 6.26),
('York YK 1259kW/6.45COP/Vanes', 'Water cooled', 'Centrifugal', 1259, 358, 6.45),
('York YT 1266kW/4.39COP/Vanes', 'Water cooled', 'Centrifugal', 1266, 360, 4.39),
('Carrier 19XR 1284kW/6.20COP/Vanes', 'Water cooled', 'Centrifugal', 1284, 365, 6.2),
('Carrier 19XR 1294kW/7.61COP/Vanes', 'Water cooled', 'Centrifugal', 1294, 368, 7.61),
('Trane CVHE 1329kW/5.38COP/Vanes', 'Water cooled', 'Centrifugal', 1329, 378, 5.38),
('Carrier 19XR 1350kW/7.90COP/VSD', 'Water cooled', 'Centrifugal', 1350, 384, 7.9),
('York YT 1368kW/7.35COP/VSD', 'Water cooled', 'Centrifugal', 1368, 389, 7.35),
('Trane CVHE 1372kW/7.49COP/Vanes', 'Water cooled', 'Centrifugal', 1372, 390, 7.49),
('York YT 1396kW/7.35COP/Vanes', 'Water cooled', 'Centrifugal', 1396, 397, 7.35),
('Carrier 19XR 1403kW/7.09COP/VSD', 'Water cooled', 'Centrifugal', 1403, 399, 7.09),
('York YT 1403kW/6.94COP/VSD', 'Water cooled', 'Centrifugal', 1403, 399, 6.94),
('Trane CVHE 1407kW/7.14COP/VSD', 'Water cooled', 'Centrifugal', 1407, 400, 7.14),
('McQuay PFH 1407kW/6.60COP/Vanes', 'Water cooled', 'Centrifugal', 1407, 400, 6.6),
('Carrier 19XR 1407kW/6.04COP/VSD', 'Water cooled', 'Centrifugal', 1407, 400, 6.04),
('Carrier 19XR 1410kW/8.54COP/VSD', 'Water cooled', 'Centrifugal', 1410, 401, 8.54),
('Trane CVHE 1442kW/6.61COP/VSD', 'Water cooled', 'Centrifugal', 1442, 410, 6.61),
('York YT 1459kW/6.40COP/VSD', 'Water cooled', 'Centrifugal', 1459, 415, 6.4),
('Trane CVHE 1484kW/9.96COP/VSD', 'Water cooled', 'Centrifugal', 1484, 422, 9.96),
('York YT 1495kW/7.51COP/VSD', 'Water cooled', 'Centrifugal', 1495, 425, 7.51),
('McQuay WSC 1519kW/7.10COP/Vanes', 'Water cooled', 'Centrifugal', 1519, 432, 7.1),
('York YS 1554kW/9.31COP/Valve', 'Water cooled', 'Screw', 1554, 442, 9.31),
('Carrier 19XR 1558kW/5.81COP/VSD', 'Water cooled', 'Centrifugal', 1558, 443, 5.81),
('Carrier 19XR 1586kW/5.53COP/VSD', 'Water cooled', 'Centrifugal', 1586, 451, 5.53),
('McQuay PEH 1635kW/7.47COP/Vanes', 'Water cooled', 'Centrifugal', 1635, 465, 7.47),
('Carrier 19XR 1635kW/6.36COP/Vanes', 'Water cooled', 'Centrifugal', 1635, 465, 6.36),
('Carrier 19XR 1656kW/8.24COP/VSD', 'Water cooled', 'Centrifugal', 1656, 471, 8.24),
('York YT 1663kW/9.34COP/Vanes', 'Water cooled', 'Centrifugal', 1663, 473, 9.34),
('Carrier 19XL 1674kW/7.89COP/Vanes', 'Water cooled', 'Centrifugal', 1674, 476, 7.89),
('Trane CVHF 1681kW/6.59COP/Vanes', 'Water cooled', 'Centrifugal', 1681, 478, 6.59),
('Carrier 19XR 1723kW/8.32COP/VSD', 'Water cooled', 'Centrifugal', 1723, 490, 8.32),
('Carrier 19XR 1727kW/9.04COP/Vanes', 'Water cooled', 'Centrifugal', 1727, 491, 9.04),
('McQuay WSC 1751kW/6.73COP/Vanes', 'Water cooled', 'Centrifugal', 1751, 498, 6.73),
('Trane CVHF 1758kW/5.96COP/Vanes', 'Water cooled', 'Centrifugal', 1758, 500, 5.96),
('York YT 1758kW/5.76COP/VSD', 'Water cooled', 'Centrifugal', 1758, 500, 5.76),
('York YT 1758kW/6.26COP/Vanes', 'Water cooled', 'Centrifugal', 1758, 500, 6.26),
('York YT 1758kW/5.96COP/Vanes', 'Water cooled', 'Centrifugal', 1758, 500, 5.96),
('Trane CVHE 1758kW/5.96COP/Vanes', 'Water cooled', 'Centrifugal', 1758, 500, 5.96),
('York YT 1758kW/6.28COP/Vanes', 'Water cooled', 'Centrifugal', 1758, 500, 6.28),
('Carrier 19XR 1758kW/5.86COP/VSD', 'Water cooled', 'Centrifugal', 1758, 500, 5.86),
('Trane CVHF 1758kW/6.46COP/VSD', 'Water cooled', 'Centrifugal', 1758, 500, 6.46),
('Trane CVHF 1758kW/6.87COP/Vanes', 'Water cooled', 'Centrifugal', 1758, 500, 6.87),
('York YS 1758kW/5.84COP/Valve', 'Water cooled', 'Screw', 1758, 500, 5.84),
('Carrier 19XR 1776kW/8.00COP/Vanes', 'Water cooled', 'Centrifugal', 1776, 505, 8),
('Carrier 19XL 1779kW/6.18COP/Vanes', 'Water cooled', 'Centrifugal', 1779, 506, 6.18),
('Trane CVHF 1779kW/6.18COP/Vanes', 'Water cooled', 'Centrifugal', 1779, 506, 6.18),
('York YT 1794kW/8.11COP/Vanes', 'Water cooled', 'Centrifugal', 1794, 510, 8.11),
('York YT 1794kW/7.90COP/VSD', 'Water cooled', 'Centrifugal', 1794, 510, 7.9),
('Carrier 19XL 1797kW/5.69COP/Vanes', 'Water cooled', 'Centrifugal', 1797, 511, 5.69),
('Carrier 19XR 1801kW/6.34COP/VSD', 'Water cooled', 'Centrifugal', 1801, 512, 6.34),
('York YT 1867kW/10.09COP/Vanes', 'Water cooled', 'Centrifugal', 1867, 531, 10.09),
('Carrier 19XL 1871kW/6.49COP/Vanes', 'Water cooled', 'Centrifugal', 1871, 532, 6.49),
('York YT 1881kW/6.77COP/VSD', 'Water cooled', 'Centrifugal', 1881, 535, 6.77),
('York YK 1881kW/6.53COP/Vanes', 'Water cooled', 'Centrifugal', 1881, 535, 6.53),
('York YK 1881kW/6.53COP/Vanes', 'Water cooled', 'Centrifugal', 1881, 535, 6.53),
('McQuay PEH 1895kW/6.42COP/Vanes', 'Water cooled', 'Centrifugal', 1895, 539, 6.42),
('York YT 1934kW/7.55COP/Vanes', 'Water cooled', 'Centrifugal', 1934, 550, 7.55),
('McQuay PEH 1934kW/6.01COP/Vanes', 'Water cooled', 'Centrifugal', 1934, 550, 6.01),
('McQuay WDC 1973kW/6.28COP/Vanes', 'Water cooled', 'Centrifugal', 1973, 561, 6.28),
('York YK 1997kW/7.24COP/Vanes', 'Water cooled', 'Centrifugal', 1997, 568, 7.24),
('McQuay PFH 2043kW/8.44COP/Vanes', 'Water cooled', 'Centrifugal', 2043, 581, 8.44),
('Trane CVHF 2043kW/9.08COP/Vanes', 'Water cooled', 'Centrifugal', 2043, 581, 9.08),
('Carrier 19XL 2057kW/6.05COP/Vanes', 'Water cooled', 'Centrifugal', 2057, 585, 6.05),
('York YT 2110kW/7.15COP/Vanes', 'Water cooled', 'Centrifugal', 2110, 600, 7.15),
('McQuay PFH 2124kW/6.03COP/Vanes', 'Water cooled', 'Centrifugal', 2124, 604, 6.03),
('York YK 2159kW/6.85COP/Vanes', 'Water cooled', 'Centrifugal', 2159, 614, 6.85),
('Trane CVHF 2184kW/6.78COP/Vanes', 'Water cooled', 'Centrifugal', 2184, 621, 6.78),
('York YK 2201kW/6.69COP/Vanes', 'Water cooled', 'Centrifugal', 2201, 626, 6.69),
('York YT 2233kW/9.54COP/VSD', 'Water cooled', 'Centrifugal', 2233, 635, 9.54),
('York YT 2233kW/9.54COP/VSD', 'Water cooled', 'Centrifugal', 2233, 635, 9.54),
('York YK 2237kW/6.41COP/Vanes', 'Water cooled', 'Centrifugal', 2237, 636, 6.41),
('York YK 2275kW/6.32COP/Vanes', 'Water cooled', 'Centrifugal', 2275, 647, 6.32),
('York YK 2275kW/6.32COP/Vanes', 'Water cooled', 'Centrifugal', 2275, 647, 6.32),
('Trane CVHF 2300kW/8.10COP/Vanes', 'Water cooled', 'Centrifugal', 2300, 654, 8.1),
('Trane CVHF 2317kW/6.33COP/VSD', 'Water cooled', 'Centrifugal', 2317, 659, 6.33),
('Carrier 19XR 2391kW/6.77COP/Vanes', 'Water cooled', 'Centrifugal', 2391, 680, 6.77),
('Carrier 19XR 2391kW/6.44COP/VSD', 'Water cooled', 'Centrifugal', 2391, 680, 6.44),
('York YK 2412kW/5.58COP/Vanes', 'Water cooled', 'Centrifugal', 2412, 686, 5.58),
('McQuay PFH 2462kW/6.67COP/Vanes', 'Water cooled', 'Centrifugal', 2462, 700, 6.67),
('Trane CVHF 2567kW/11.77COP/VSD', 'Water cooled', 'Centrifugal', 2567, 730, 11.77),
('York YK 2771kW/6.84COP/VSD', 'Water cooled', 'Centrifugal', 2771, 788, 6.84),
('Trane CVHF 2799kW/6.40COP/Vanes', 'Water cooled', 'Centrifugal', 2799, 796, 6.4),
('York YT 3133kW/9.16COP/Vanes', 'Water cooled', 'Centrifugal', 3133, 891, 9.16),
('McQuay PFH 3165kW/6.48COP/Vanes', 'Water cooled', 'Centrifugal', 3165, 900, 6.48),
('McQuay PFH 4020kW/7.35COP/Vanes', 'Water cooled', 'Centrifugal', 4020, 1143, 7.35),
('York YK 4396kW/6.63COP/Vanes', 'Water cooled', 'Centrifugal', 4396, 1250, 6.63),
('York YK 4477kW/6.64COP/Vanes', 'Water cooled', 'Centrifugal', 4477, 1273, 6.64),
('York YK 4515kW/6.22COP/Vanes', 'Water cooled', 'Centrifugal', 4515, 1284, 6.22),
('York YK 4537kW/6.28COP/Vanes', 'Water cooled', 'Centrifugal', 4537, 1290, 6.28),
('Trane CVHF 4610kW/6.34COP/Vanes', 'Water cooled', 'Centrifugal', 4610, 1311, 6.34),
('Carrier 19EX 4667kW/6.16COP/Vanes', 'Water cooled', 'Centrifugal', 4667, 1327, 6.16),
('Trane CVHF 4677kW/6.27COP/Vanes', 'Water cooled', 'Centrifugal', 4677, 1330, 6.27),
('York YK 4966kW/6.05COP/Vanes', 'Water cooled', 'Centrifugal', 4966, 1412, 6.05),
('York YK 4969kW/7.14COP/Vanes', 'Water cooled', 'Centrifugal', 4969, 1413, 7.14),
('York YK 4969kW/7.07COP/Vanes', 'Water cooled', 'Centrifugal', 4969, 1413, 7.07),
('Carrier 19EX 4997kW/6.40COP/Vanes', 'Water cooled', 'Centrifugal', 4997, 1421, 6.4),
('Carrier 19EX 5148kW/6.34COP/Vanes', 'Water cooled', 'Centrifugal', 5148, 1464, 6.34),
('York YK 5170kW/7.15COP/Vanes', 'Water cooled', 'Centrifugal', 5170, 1470, 7.15),
('Carrier 19EX 5208kW/6.88COP/Vanes', 'Water cooled', 'Centrifugal', 5208, 1481, 6.88),
('York YK 5465kW/6.94COP/Vanes', 'Water cooled', 'Centrifugal', 5465, 1554, 6.94),
('York YK 5549kW/6.50COP/Vanes', 'Water cooled', 'Centrifugal', 5549, 1578, 6.5),
('Carrier 19FA 5651kW/5.50COP/Vanes', 'Water cooled', 'Centrifugal', 5651, 1607, 5.5);

/*!40101 SET CHARACTER_SET_CLIENT=@OLD_CHARACTER_SET_CLIENT */;
/*!40101 SET CHARACTER_SET_RESULTS=@OLD_CHARACTER_SET_RESULTS */;
/*!40101 SET COLLATION_CONNECTION=@OLD_COLLATION_CONNECTION */;
